CO(GT),Selected,Linear Regression,Linear Regression (error),Tree,Tree (error),AdaBoost,AdaBoost (error),Random Forest,Random Forest (error),Selected (1),PT08.S1(CO),C6H6(GT),PT08.S4(NO2),PT08.S5(O3),T,RH,AH
continuous,No Yes,continuous,continuous,continuous,continuous,continuous,continuous,continuous,continuous,No Yes,continuous,continuous,continuous,continuous,continuous,continuous,continuous
class,meta,meta,meta,meta,meta,meta,meta,meta,meta,meta,,,,,,,
1.4,No,1.45624,0.0562365,1.225,-0.175,1.3,-0.1,1.5594,0.159405,No,882.25,5.04615,815.25,582,1.925,35,0.249418
1.0,No,1.25756,0.25756,1.25,0.25,1.2,0.2,1.23893,0.238929,No,1031.25,4.69739,1245,890.25,12.925,71.775,1.06573
1.4,No,2.47601,1.07601,2.3,0.9,2.7,1.3,2.93267,1.53267,No,1225,12.5064,1921.5,1102,16.925,80.9,1.54724
2.3,No,2.09911,-0.200886,1.9,-0.4,2,-0.3,2.01155,-0.288452,Yes,1069.75,8.71261,1111.5,1087.5,7,48.125,0.484655
0.8,No,0.917947,0.117947,0.8,1.11022e-16,0.8,0,0.765833,-0.0341667,No,962,4.68289,1431.25,912.75,22.95,52.7,1.4568
2.4,No,3.48563,1.08563,3.05,0.65,3.1,0.7,3.55352,1.15352,No,1242,16.1581,1296.75,1510.75,4.925,55.75,0.488154
4.2,No,4.35286,0.152858,4.05,-0.15,4.5,0.3,4.27867,0.0786706,No,1435,21.6085,1787.25,1479.75,12.9,73.775,1.09367
0.6,No,0.777735,0.177735,0.6,0,0.6,0,0.574762,-0.0252381,No,937.75,1.67478,1025.75,849.5,9.025,65.375,0.753178
3.4,No,2.97427,-0.42573,3.6,0.2,3.4,0,3.21917,-0.180833,No,1269.5,13.9962,1528.25,1290,13.1,78.7,1.18174
2.5,No,2.32493,-0.175067,2.5,0,2.5,0,2.57338,0.073381,No,1062.75,11.7313,1413,1165.5,15.525,52.15,0.913552
1.4,No,1.62739,0.227386,2.05,0.65,1.7,0.3,1.82222,0.422222,No,1030.75,9.13867,1697.25,964,24.55,44.925,1.36607
2.0,No,1.83152,-0.168477,1.675,-0.325,1.8,-0.2,1.76568,-0.234321,No,1139,7.98343,1514.25,1066.5,14.075,54.45,0.870147
1.6,No,1.76598,0.165976,1.7,0.1,1.5,-0.1,1.545,-0.055,No,1060.75,8.77565,1481.25,1014.75,18.5,69.5,1.46573
1.9,No,2.1002,0.2002,1.75,-0.15,2,0.1,1.89348,-0.00652381,No,1138.25,11.026,1604.25,1115.25,27.45,22.8,0.821912
3.1,No,3.19415,0.0941477,4.175,1.075,3.3,0.2,3.61267,0.512667,No,1195.75,14.689,1270.5,1496.75,4.625,52.125,0.447198
1.5,No,1.69893,0.198927,2.4,0.9,1.6,0.1,1.744,0.244,No,1127.75,7.79638,1574,1124.5,17.4,55.65,1.0963
0.8,No,0.744768,-0.0552321,0.75,-0.05,0.7,-0.1,0.67,-0.13,No,881.75,4.04572,1343.25,730.5,22.85,53.05,1.45771
5.7,No,5.69732,-0.00268306,5.5,-0.2,5.6,-0.1,5.66017,-0.0398333,No,1636.25,30.0698,2129.75,1744.75,23.65,54.425,1.56875
3.2,No,2.75314,-0.446859,2.325,-0.875,3,-0.2,2.85722,-0.342778,No,1023.75,14.3058,1345.5,943,14.75,37.525,0.625939
1.9,No,1.90126,0.00126283,2,0.1,2,0.1,1.97536,0.0753571,No,1025.75,11.1516,1603,991.75,29.975,31.6,1.31757
1.9,No,1.79753,-0.102473,1.75,-0.15,1.8,-0.1,1.87306,-0.0269444,No,1105,10.4776,1681.33,821.333,37.0667,22.9667,1.4229
3.4,No,2.69356,-0.70644,2.96667,-0.433333,2.8,-0.6,2.71933,-0.680667,No,1303.75,12.5138,1811,1166.75,13.5,79.35,1.2224
0.5,No,0.530765,0.0307646,0.7,0.2,0.5,0,0.544643,0.0446429,No,777.5,1.18672,889.5,510,10.15,43.575,0.54053
3.0,No,3.71955,0.719555,2.75,-0.25,3.9,0.9,3.83167,0.831667,No,1457.75,18.3298,2033,1379.75,16.55,68.175,1.27367
1.2,No,0.944477,-0.255523,0.7,-0.5,1,-0.2,1.15013,-0.049869,No,967.25,3.14513,1320.75,463,12.175,66.825,0.945491
1.3,No,1.08677,-0.213228,1.6,0.3,1.2,-0.1,1.57208,0.272083,No,802.25,4.5915,826.25,751,12.775,22.5,0.330883
0.8,No,0.814014,0.0140144,0.65,-0.15,0.7,-0.1,0.728833,-0.0711667,No,830.5,2.49979,1039,545,6.475,83.475,0.811583
2.8,No,3.24708,0.447082,3.1,0.3,3.2,0.4,3.28181,0.48181,No,1443.75,15.0447,1726.5,1726.5,17.15,44.125,0.855831
2.7,No,2.49442,-0.20558,2.675,-0.025,2.6,-0.1,2.2975,-0.4025,No,1135.75,10.6324,1216.25,1192,4.55,76.55,0.653403
0.8,No,1.64834,0.848345,1.8,1,1.5,0.7,1.5633,0.763298,No,982.5,6.75361,995.5,1055.25,10.325,34.2,0.42912
3.4,No,4.01107,0.611066,4.26667,0.866667,5.1,1.7,4.48943,1.08943,No,1421,20.5899,1983.25,1383.75,18.05,75.7,1.55267
2.1,No,2.27169,0.17169,2.53333,0.433333,2.3,0.2,2.43057,0.330571,No,1073.75,12.8239,1672.75,1316.5,24.65,36.95,1.13024
1.1,No,1.06757,-0.0324274,0.45,-0.65,1,-0.1,1.0575,-0.0425,No,1026.5,3.33503,1160,769.5,13.325,67,1.02066
2.0,No,2.35015,0.350149,2.25,0.25,2.1,0.1,2.05792,0.0579167,No,1181.5,12.4844,1663,964.5,30.625,20.15,0.871888
2.4,No,1.83145,-0.568546,2.16667,-0.233333,2.1,-0.3,1.99873,-0.40127,No,938.75,8.06243,969,872,9.8,31.825,0.385827
1.4,No,1.21145,-0.188554,1,-0.4,1.2,-0.2,1.17776,-0.222238,No,967.75,3.45718,890.75,740,6.75,46.95,0.464971
3.7,No,3.75137,0.0513714,3.8,0.1,3.7,0,3.89723,0.197226,No,1488.5,16.4458,1474.75,1775.5,8.6,69.025,0.773215
2.9,No,3.35991,0.45991,1.86667,-1.03333,3.5,0.6,3.70169,0.80169,No,1276.75,15.1402,1268,1520,6.55,43.725,0.427261
2.4,No,3.20869,0.808693,3.06667,0.666667,3.1,0.7,2.99661,0.596607,No,1382.5,14.0733,1415.25,1310,13.2,51.35,0.776017
2.4,No,2.69685,0.296849,2.3,-0.1,2.3,-0.1,2.36417,-0.0358333,No,1147.5,15.0209,1473,1046.5,35.425,16.575,0.938467
1.0,No,1.09103,0.0910283,1.3,0.3,1.1,0.1,1.14577,0.145774,No,969,5.4776,1350,798.667,24.4,39.1,1.17842
1.0,No,0.892342,-0.107658,0.8,-0.2,0.8,-0.2,0.782476,-0.217524,No,969.5,2.5146,1249.25,478.5,11.05,58.425,0.768556
0.8,No,0.931166,0.131166,0.9,0.1,0.9,0.1,0.697222,-0.102778,No,846.5,2.01886,813.5,472.75,1.375,53.1,0.364202
1.4,No,1.57766,0.177655,1.56667,0.166667,1.6,0.2,1.64436,0.244357,No,950.5,8.99144,1488,868,25.25,30,0.950774
5.7,No,4.20448,-1.49552,4.85,-0.85,4.4,-1.3,4.297,-1.403,No,1514.5,19.9404,1614.75,1871,14.875,47.6,0.800307
1.8,No,1.41663,-0.383366,1.56667,-0.233333,1.7,-0.1,1.94843,0.148429,No,867,6.66913,1076.5,736.75,13.525,34.95,0.539272
0.9,No,0.708709,-0.191291,0.6,-0.3,0.9,0,0.742044,-0.157956,No,862,2.72576,1193,393,17.175,34.95,0.678933
2.3,No,2.55415,0.254145,3.25,0.95,2.7,0.4,2.75033,0.450333,No,1048.75,14.5008,1661.75,1208,22.4,41.05,1.09792
3.1,No,3.11826,0.0182577,3.2,0.1,3.1,0,3.14781,0.0478095,No,1224.75,17.559,1773.75,1321.25,31.5,30.825,1.40169
1.0,No,0.918097,-0.0819031,0.825,-0.175,0.8,-0.2,0.880571,-0.119429,No,991,2.68752,1114,636.75,14.875,57.85,0.972642
3.9,No,3.78698,-0.113016,3.95,0.05,4,0.1,4.12933,0.229333,No,1367,17.5081,1491.5,1627.75,6.275,74.925,0.718729
1.7,No,1.61335,-0.0866528,1.5,-0.2,1.6,-0.1,1.54993,-0.150071,No,1171.75,5.3901,1379.75,995.5,7.8,67.525,0.717312
4.9,No,4.79802,-0.101976,4.35,-0.55,4.3,-0.6,4.30529,-0.594714,No,1492.5,25.2926,2015,1551.25,21.2,67.35,1.67546
1.1,No,1.12983,0.0298339,0.9,-0.2,1,-0.1,0.952214,-0.147786,No,980,5.74895,1406.5,902.75,22.725,53.775,1.4666
2.0,No,2.05011,0.0501108,1.9,-0.1,2.1,0.1,2.03767,0.0376667,No,1054,12.5726,1765.75,816.75,36.1,22.675,1.33243
2.2,No,2.61836,0.418356,2.1,-0.1,2.5,0.3,2.41759,0.217587,No,1176.25,13.9039,1805.25,1102,21.45,48.1,1.21484
0.8,No,0.615376,-0.184624,0.55,-0.25,0.8,0,0.781274,-0.0187262,No,847.5,1.9154,1067.5,679,13.175,62.5,0.943009
0.9,No,0.973021,0.0730212,0.625,-0.275,1.1,0.2,1.10976,0.209762,No,912.5,3.82594,1218.5,750,12.025,80.15,1.1231
2.6,No,2.47057,-0.129427,2.15,-0.45,2.3,-0.3,2.31348,-0.286524,No,1177.25,13.1897,1631.75,1209,26.25,43.625,1.46628
2.9,No,3.03354,0.133542,2.8,-0.1,2.9,0,3.1761,0.276095,No,1320.25,16.3469,1825.25,1481.5,29.975,41.55,1.73244
3.6,No,3.16959,-0.430411,3.23333,-0.366667,3.1,-0.5,3.32892,-0.271083,No,1257.25,15.9702,1544.75,1414.5,19.4,47.15,1.05101
2.7,No,2.66463,-0.0353665,2.8,0.1,2.6,-0.1,2.68083,-0.0191667,No,1314.5,12.6463,1833.25,1273,16.3,73.175,1.34585
2.0,No,2.27931,0.279307,2.35,0.35,2.2,0.2,2.26262,0.262619,No,1093.75,9.7114,1147.25,1136.25,6.925,52.825,0.529323
3.2,No,4.02175,0.821753,3.7,0.5,3.8,0.6,3.78043,0.580429,No,1288.5,21.3865,1680.75,1521.25,20.975,35.6,0.873615
0.9,No,0.756028,-0.143972,1.1,0.2,0.8,-0.1,0.96256,0.0625595,No,893,5.06612,1606.5,805.25,26.875,49.325,1.71956
2.3,No,3.57832,1.27832,3.5,1.2,3.3,1,3.40443,1.10443,No,1472.75,16.986,1686,1521,20.35,49.8,1.17649
0.7,No,0.959835,0.259835,0.85,0.15,0.9,0.2,0.949861,0.249861,No,884.75,3.0399,1015.25,847.75,6.6,75.25,0.737781
1.4,No,1.26147,-0.138533,1.225,-0.175,1.2,-0.2,1.31419,-0.0858135,No,873.75,4.75559,792.25,591.25,12.05,19.35,0.271579
2.0,No,2.05966,0.0596632,2.2,0.2,2.2,0.2,2.33607,0.336071,No,1011,12.0402,1658.75,1087.25,25.275,41.725,1.32432
2.5,No,2.26351,-0.236494,2.5,0,2.3,-0.2,2.36083,-0.139167,No,1231.25,9.57338,1348.25,1191.5,14.4,58.2,0.949494
4.0,No,3.67745,-0.322546,3.4,-0.6,3.9,-0.1,3.53227,-0.46773,No,1485.33,17.4516,1980,1302,14.4333,77.4,1.2654
4.4,No,4.61773,0.217729,5.05,0.65,4.9,0.5,4.74494,0.34494,No,1494,23.1421,1677,1878.5,18.45,38.775,0.815228
2.4,No,2.25128,-0.148718,2.2,-0.2,2.1,-0.3,2.14167,-0.258333,No,1137,11.9249,1620.25,1138,23.575,53.575,1.53736
0.3,No,0.437116,0.137116,0.3,0,0.4,0.1,0.366119,0.066119,No,833.75,0.632453,1211.5,361.25,8.825,80.45,0.914701
1.0,No,0.747057,-0.252943,0.533333,-0.466667,0.8,-0.2,0.690524,-0.309476,No,894.75,2.31432,1011.75,512.25,16.3,44.825,0.824428
2.2,No,2.10518,-0.0948219,1.5,-0.7,2.1,-0.1,2.18271,-0.0172857,No,932.75,10.3327,955.75,1103.5,14.75,17.85,0.297749
2.4,No,1.99197,-0.408028,1.76667,-0.633333,2.1,-0.3,2.13473,-0.26527,No,938,8.099,884.5,798,1.625,37.9,0.264512
3.2,No,4.15914,0.959142,3.875,0.675,4.3,1.1,4.26007,1.06007,No,1370.5,23.2472,2081.5,1744.75,28.5,32.475,1.24408
2.0,No,1.98396,-0.0160373,1.85,-0.15,1.8,-0.2,1.83705,-0.162952,No,1104.25,11.1586,1770.5,1085.5,26.55,47.55,1.62652
0.7,No,0.519029,-0.180971,0.4,-0.3,0.4,-0.3,0.608667,-0.0913333,No,841.75,4.20128,1293.5,489.75,41.775,11.875,0.947581
1.4,No,1.26472,-0.135279,1.5,0.1,1.3,-0.1,1.43471,0.0347143,No,925.75,6.73668,1397.75,850.75,20.2,53.15,1.24419
3.5,No,2.99273,-0.507273,3.225,-0.275,3,-0.5,3.00812,-0.491881,No,1266,14.6497,1746.75,1370,14.1,49.55,0.793103
3.4,No,3.30473,-0.0952741,3.43333,0.0333333,3.1,-0.3,2.85567,-0.544333,No,1399.25,16.6859,1971.25,1317.75,22.7,45.775,1.24655
1.9,No,1.69166,-0.208341,1.2,-0.7,1.7,-0.2,1.68383,-0.216167,No,1033,6.18272,1113.5,870.25,4.325,79.775,0.670568
3.6,No,3.41342,-0.186582,3.7,0.1,3.6,4.44089e-16,3.63179,0.0317857,No,1225.75,19.1235,1900.75,1473.5,26,30.05,0.995317
0.8,No,0.978239,0.178239,1.05,0.25,0.9,0.1,1.12595,0.325952,No,910.5,4.75559,1518,816.5,14.3,66.175,1.07276
1.5,No,1.32396,-0.176038,1.2,-0.3,1.4,-0.1,1.25036,-0.249643,No,970.25,7.29909,1376.25,942.5,27.475,30.9,1.11553
1.6,No,1.64595,0.0459532,1.775,0.175,1.7,0.1,1.80683,0.206833,No,1066.5,9.58649,1657.5,802,35.075,21.775,1.20929
1.1,No,1.10684,0.00683532,1.5,0.4,1.2,0.1,1.2709,0.170905,No,924.5,2.94413,818.75,570,6.875,36.4,0.363521
0.6,No,0.41918,-0.18082,0.45,-0.15,0.5,-0.1,0.454,-0.146,No,736.75,0.925975,880.25,467,11.225,41.325,0.54983
0.9,No,1.12287,0.222871,1.9,1,1.1,0.2,1.09917,0.199167,No,1036.25,3.51255,1144.25,693.25,13.65,60.375,0.939042
1.1,No,1.23543,0.135433,1.525,0.425,1.5,0.4,1.35619,0.25619,No,918.75,7.54599,1627.5,1013,24.2,39.5,1.17643
1.7,No,1.60073,-0.0992677,2.5,0.8,2.1,0.4,1.95118,0.251179,No,897.25,6.73668,943.25,786.5,7.775,36.85,0.390804
1.9,No,1.86257,-0.037435,1.86667,-0.0333333,1.9,2.22045e-16,1.90794,0.00793651,No,1084,8.61841,1501,786,16.025,41.275,0.74615
1.6,No,1.9827,0.382699,2.15,0.55,1.8,0.2,1.79789,0.197889,No,1136.5,9.72459,1557,1090.5,19.375,69.275,1.54183
3.1,No,2.15724,-0.942765,2.5,-0.6,2.2,-0.9,2.27633,-0.823667,No,1009.25,10.4753,1201,1015.75,14.45,39.15,0.640737
1.0,No,0.994507,-0.00549289,1,0,1,0,0.874881,-0.125119,No,1040.25,2.90067,1325.25,554.5,12.95,59.575,0.886003
0.5,No,0.412825,-0.0871753,0.4,-0.1,0.4,-0.1,0.482167,-0.0178333,No,773.25,2.34301,1256.25,590,19.275,56.975,1.26031
2.3,No,2.02384,-0.276164,0.7,-1.6,1.5,-0.8,1.47128,-0.828722,No,1008.75,8.6686,1015,1080,7.8,42.025,0.446428
1.0,No,0.952687,-0.0473127,0.9,-0.1,0.9,-0.1,0.867738,-0.132262,No,946.75,3.23124,1114.5,794.5,12.85,66.35,0.980449
1.2,No,1.31412,0.11412,0.85,-0.35,1.3,0.1,1.14286,-0.0571429,No,1012,6.45163,1632.25,861.75,16.875,66.55,1.26883
0.9,No,1.09287,0.19287,0.825,-0.075,0.8,-0.1,0.849857,-0.0501429,No,988.75,3.23949,1047.5,942.5,8.925,63.5,0.726765
0.8,No,0.886515,0.0865154,0.9,0.1,0.7,-0.1,0.668905,-0.131095,No,871.75,2.04254,866,654.5,4.625,54.575,0.468217
1.9,No,1.85178,-0.0482193,1.75,-0.15,1.9,0,1.89933,-0.000666667,No,1007.75,10.7216,1588.25,1124.5,27.375,27.125,0.97357
1.8,No,1.84438,0.04438,1.9,0.1,1.9,0.1,1.81875,0.01875,No,1080.25,10.701,1704,898.75,31.75,34.5,1.59113
3.6,No,3.32568,-0.274321,3.1,-0.5,3.1,-0.5,3.10855,-0.491452,No,1312,15.9213,1588.25,1261.25,13.725,70.875,1.10764
1.4,No,1.48127,0.081273,1.5,0.1,1.6,0.2,1.65466,0.254659,No,1060.75,5.73841,1231.75,862,12.65,74.325,1.08427
1.7,No,1.5841,-0.1159,1.15,-0.55,1.6,-0.1,1.89533,0.195333,No,1036.75,5.15134,1003.75,1028.75,2.35,75.125,0.55136
2.3,No,2.14545,-0.154551,2.1,-0.2,2.1,-0.2,1.935,-0.365,No,1001.75,9.73779,920,885.5,15,15.8,0.267757
4.6,No,3.47467,-1.12533,3.1,-1.5,4.2,-0.4,3.53805,-1.06195,No,1523.25,14.4617,1488.25,1470,10.3,82.775,1.03691
2.9,No,1.99956,-0.900436,2.575,-0.325,1.9,-1,1.77767,-1.12233,No,1125.5,7.26993,1074.75,1222.25,3.45,66.7,0.52808
0.3,No,0.276856,-0.0231441,0.425,0.125,0.4,0.1,0.396667,0.0966667,No,718,0.994802,1058.75,381.5,15.25,52.375,0.901716
3.4,No,3.34814,-0.0518587,3.05,-0.35,3.3,-0.1,3.14705,-0.252952,No,1307.75,16.3552,1559,1523.25,15.35,63.9,1.1071
1.4,No,1.60491,0.204906,1.625,0.225,1.6,0.2,1.24142,-0.158583,No,1162.75,5.77005,1287.75,876.25,13.625,68.9,1.06993
2.5,No,2.32096,-0.179041,2.5,0,2.3,-0.2,2.29014,-0.209857,No,1145.75,13.0025,1829.25,1215,27.3,35.275,1.26058
0.5,No,0.550911,0.0509108,0.633333,0.133333,0.6,0.1,0.613571,0.113571,No,803.75,2.99185,1294,710,17.925,69.275,1.40993
2.0,No,1.99578,-0.00422155,2.5,0.5,2,0,2.03236,0.0323571,No,1119.5,8.81357,1300.75,1038.5,14.6,65.85,1.08802
0.9,No,1.58063,0.680631,1.15,0.25,1.7,0.8,1.75307,0.853071,No,1038.5,5.26253,1031,1082.25,2.95,72.2,0.552304
0.8,No,0.835788,0.0357883,0.95,0.15,0.8,0,0.786571,-0.0134286,No,988,2.16618,1118.25,540.5,14.75,63.5,1.05922
1.1,No,1.00475,-0.0952462,1.23333,0.133333,0.9,-0.2,0.785,-0.315,No,936.75,2.58543,983,797.75,5.15,74.525,0.66259
1.4,No,1.27728,-0.122725,0.85,-0.55,1.4,0,1.40233,0.00233333,No,949.75,5.44665,1144.75,849.75,14.675,52.5,0.871579
0.9,No,0.944739,0.0447388,0.866667,-0.0333333,0.8,-0.1,0.694405,-0.205595,No,1022.75,2.21509,1088.75,574.75,12.225,66.9,0.94961
2.0,No,1.6249,-0.375101,2.5,0.5,1.7,-0.3,1.53533,-0.464667,No,973.75,6.44609,1034.75,1023.75,6.575,58.1,0.568681
1.6,No,1.6457,0.0457025,1.76667,0.166667,1.7,0.1,1.6595,0.0595,No,943.75,8.21528,1321,931,14.6,56.4,0.931882
1.8,No,1.79996,-3.96351e-05,1.45,-0.35,1.6,-0.2,1.92131,0.12131,No,1044.25,6.47379,924.25,1200.25,3.85,43.475,0.35377
0.8,No,0.95894,0.15894,1.23333,0.433333,0.9,0.1,1.03416,0.234159,No,920.5,2.83794,948.25,768,10.45,48.725,0.616383
4.1,No,2.66426,-1.43574,3.075,-1.025,2.8,-1.3,2.93939,-1.16061,No,1165,11.2707,1133.5,1364.75,4.05,52.675,0.434537
1.9,No,1.91189,0.0118939,1.9,2.22045e-16,2,0.1,1.90093,0.000928571,No,1071.25,9.01058,1449.25,756.25,17.625,30.1,0.601317
2.3,No,2.25763,-0.0423703,2.45,0.15,2.4,0.1,2.15455,-0.145455,No,1140.25,9.17082,1230.5,1076,5.425,75.9,0.687504
1.5,No,1.59943,0.0994255,1.2,-0.3,1.5,0,1.81498,0.314976,No,1016.25,5.34403,918,1173.5,2.475,52.075,0.385509
1.6,No,2.08566,0.485661,1.73333,0.133333,1.9,0.3,2.05214,0.452143,No,1254.25,9.02975,1566.25,1269.5,17.075,51.75,0.999041
1.6,No,1.83306,0.233056,1.8,0.2,1.7,0.1,1.71117,0.111167,No,1150.5,7.65288,1222,903.25,20,32.975,0.762546
2.4,No,2.47699,0.0769945,2.8,0.4,2.6,0.2,2.77049,0.370488,No,1094.75,11.2567,1219,1246,8.05,53.2,0.574609
2.3,No,2.8654,0.565401,2.55,0.25,2.7,0.4,2.51681,0.21681,No,1259.75,14.1429,1568.75,1252.25,19.95,56.725,1.30776
5.5,No,5.29261,-0.207387,5.26667,-0.233333,5.3,-0.2,5.37844,-0.121556,No,1494,29.0316,2200.75,1797.75,23.475,52,1.48329
3.0,No,3.11756,0.117557,3.225,0.225,3.1,0.1,3.15452,0.154524,No,1303.5,15.2599,1800.5,1170.5,16.125,47.575,0.865455
2.0,No,2.50571,0.505713,2.2,0.2,2.3,0.3,2.2175,0.2175,No,1191.5,13.3857,1688,971,30.1,22.1,0.928071
0.6,No,0.751683,0.151683,0.65,0.05,0.7,0.1,0.734345,0.134345,No,877.75,3.84368,1372.5,822,18.35,70.8,1.47937
0.9,No,0.917698,0.017698,1.03333,0.133333,1,0.1,1.02281,0.12281,No,938,6.08516,1417.75,506,39.95,20.05,1.45174
3.0,No,2.71929,-0.280705,2.6,-0.4,2.8,-0.2,2.84759,-0.152409,No,1215.75,11.6884,1182.75,1377.5,8.55,54.275,0.605978
5.6,No,5.23963,-0.360368,5.625,0.025,5.3,-0.3,5.53467,-0.0653333,No,1562.25,26.1313,1770,2020.75,12.425,64.75,0.931013
1.0,No,0.971069,-0.0289315,0.966667,-0.0333333,1,0,0.907917,-0.0920833,No,924,4.81409,1326.5,783.25,20.35,60.375,1.42632
2.4,No,2.29589,-0.104115,2.2,-0.2,2.2,-0.2,2.29624,-0.103762,No,1086.5,13.6818,1839,906.25,32.675,25.825,1.25473
0.5,No,0.848501,0.348501,0.7,0.2,0.7,0.2,0.703389,0.203389,No,831.25,1.40732,721.5,767.75,-1.2,47.175,0.269955
1.6,No,1.50999,-0.0900142,1.7,0.1,1.7,0.1,1.69826,0.0982619,No,1105.5,8.59963,1756.5,909.5,30.65,48.05,2.08208
1.5,No,1.46981,-0.0301898,1.7,0.2,1.7,0.2,1.67257,0.172571,No,1042.25,8.90867,1630,769.75,36.45,26.775,1.60385
2.7,No,2.4563,-0.243703,2.225,-0.475,2.6,-0.1,2.73646,0.0364632,No,1233.5,11.9681,1733.25,1273.5,17.8,54.95,1.10974
3.3,No,3.09358,-0.206421,3.43333,0.133333,3.4,0.1,3.24243,-0.0575682,No,1082,18.9303,1909.5,1138.5,33.475,19.9,1.01116
1.1,No,0.898987,-0.201013,1,-0.1,1,-0.1,0.906524,-0.193476,No,884.5,5.02124,1268,619,27.575,29.175,1.05939
0.6,No,0.575743,-0.0242573,0.525,-0.075,0.5,-0.1,0.52475,-0.07525,No,842.5,3.05599,1270.5,664.75,22.125,49.775,1.30942
1.1,No,1.20668,0.106684,1.4,0.3,1.4,0.3,1.19083,0.0908333,No,956,5.39523,895.75,515.75,30,11.075,0.462436
2.6,No,2.51963,-0.0803682,2.65,0.05,2.6,0,2.70524,0.105238,No,1229.5,14.4929,1908.75,1413.25,33.55,35.725,1.82287
0.7,No,0.447201,-0.252799,0.6,-0.1,0.5,-0.2,0.603333,-0.0966667,No,806.5,2.30003,1337.25,439.5,19.775,45.7,1.04237
3.2,No,3.3985,0.198501,4.3,1.1,3.6,0.4,3.41058,0.210583,No,1391.75,15.5649,1488,1623.5,13.35,59.925,0.914343
1.4,No,1.23376,-0.166235,1.4,0,1.2,-0.2,1.20917,-0.190833,No,1020.75,5.98291,1501.75,836.75,20.2,67.925,1.59006
1.7,No,1.84453,0.144532,1.925,0.225,1.9,0.2,1.77795,0.0779524,No,1021,10.0367,1579.75,958,21.125,58.325,1.44437
1.3,No,1.33462,0.0346204,1.4,0.1,1.4,0.1,1.21714,-0.0828636,No,981.75,6.84989,1504.5,873,18.7,73.1,1.56079
2.8,No,2.936,0.136003,2.65,-0.15,2.7,-0.1,2.92933,0.129333,No,1232.5,16.1253,1774.5,1146.5,29.3,39.525,1.58551
1.1,No,1.2232,0.123195,0.85,-0.25,1.1,0,0.984167,-0.115833,No,1009.75,3.44446,1045.75,889.25,5,82.95,0.730029
3.3,No,3.25791,-0.0420945,3.46667,0.166667,3.1,-0.2,3.1275,-0.1725,No,1228,15.686,1374.5,1332.25,12.575,54,0.783976
0.4,No,0.951948,0.551948,1.03333,0.633333,0.9,0.5,0.9125,0.5125,No,919.75,2.2362,920.25,924.75,3.95,65.5,0.536653
1.7,No,1.67352,-0.0264837,2.05,0.35,1.7,0,1.70983,0.00983333,No,1076.75,8.51842,1508.5,935,23.625,49.975,1.43834
3.1,No,3.03227,-0.0677277,2.65,-0.45,3,-0.1,3.35865,0.258655,No,1261.75,14.5008,1747.5,1033,11.275,71.275,0.951399
1.7,No,1.30237,-0.397627,1.36667,-0.333333,1.5,-0.2,1.53976,-0.160238,No,1100.5,7.41035,1747.75,927.25,31.625,43.55,1.99437
0.9,No,1.03763,0.13763,1.16667,0.266667,0.9,0,0.892667,-0.00733333,No,934.5,2.62682,986.25,611,4.425,77.075,0.652306
1.3,No,1.49474,0.194744,1.625,0.325,1.4,0.1,1.16987,-0.130127,No,1171.25,5.13123,1466.75,930,10.975,66.5,0.870523
2.3,No,2.52709,0.227092,2.375,0.075,2.5,0.2,2.63127,0.33127,No,1233.75,11.9825,1516.25,1189.5,18.65,54.95,1.16965
3.7,No,4.17376,0.473761,3.775,0.075,3.8,0.1,4.02333,0.323333,No,1476,22.0368,1996,1568.25,26.425,49.85,1.69277
0.8,No,0.563787,-0.236213,0.7,-0.1,0.9,0.1,0.797333,-0.00266667,No,892,4.23825,1490,511.25,36.3,27.375,1.62636
4.8,No,3.87272,-0.927279,5.73333,0.933333,4,-0.8,4.30679,-0.493214,No,1386.5,17.7035,1487,1463.25,5.775,83.75,0.776768
3.3,No,3.31587,0.0158654,3.46667,0.166667,3.1,-0.2,3.05619,-0.24381,No,1234.25,15.388,1385.5,1318,6.3,61.675,0.592622
2.4,No,2.71761,0.317608,2.225,-0.175,2.6,0.2,2.54617,0.146167,No,1215.25,14.752,1765.75,1285.25,26.275,48.125,1.6199
0.5,No,0.432491,-0.0675093,0.7,0.2,0.7,0.2,0.740857,0.240857,No,856.75,3.5468,1331,450.5,39.25,20.225,1.4104
0.5,No,0.433379,-0.0666205,0.4,-0.1,0.4,-0.1,0.452,-0.048,No,804.25,1.05546,1148,328.75,12.85,49.3,0.728502
2.5,No,2.25406,-0.245944,2.45,-0.05,2.3,-0.2,2.39783,-0.102167,No,998,14.0656,1779.75,1056.75,31.575,24.075,1.0994
1.8,No,1.60387,-0.196133,1.45,-0.35,1.5,-0.3,1.86078,0.0607778,No,1072,7.86254,1645.5,1118,17.05,60.35,1.16325
3.8,No,3.40999,-0.390015,3.75,-0.05,3.3,-0.5,3.54201,-0.257988,No,1253.75,18.0541,1462.75,1431.25,28.225,24.825,0.93603
1.1,No,0.994875,-0.105125,1.025,-0.075,1.1,0,1.01214,-0.0878571,No,946.5,3.49547,928,487.5,21,22.25,0.546839
0.8,No,1.03153,0.231534,1.05,0.25,1.2,0.4,1.01733,0.217333,No,992.5,5.63347,1628.75,769.75,24.825,50.65,1.56543
2.1,No,1.97655,-0.123451,2.13333,0.0333333,2.1,0,2.10179,0.00178571,No,1040.75,9.13225,1081.5,1000,19.1,18.075,0.39555
1.5,No,1.37544,-0.124561,1.43333,-0.0666667,1.3,-0.2,1.23517,-0.264833,No,945.25,7.61718,1562.75,1014.5,19.85,47.7,1.09299
2.0,No,2.21998,0.219981,2.3,0.3,2.2,0.2,2.24339,0.243389,No,1099.25,10.9773,1503.25,867.75,19.225,27.1,0.597624
2.3,No,3.11984,0.819837,2.8,0.5,2.9,0.6,2.711,0.411,No,1355,16.6112,1905,1713.5,27.75,41.9,1.53698
5.2,No,4.76071,-0.439293,4.3,-0.9,4.6,-0.6,4.76621,-0.433786,No,1443.25,24.5635,2059.75,1454.25,13.35,47.8,0.729338
1.9,No,2.23496,0.33496,2.3,0.4,2,0.1,2.03958,0.139583,No,1278.25,10.6735,1690.5,909.25,27,31.825,1.1176
3.4,No,3.38816,-0.0118407,2.05,-1.35,3.3,-0.1,3.66679,0.266786,No,1294.75,16.844,1578.5,1476.25,16.425,61.85,1.1465
1.8,No,1.67726,-0.122739,1.8,-2.22045e-16,1.9,0.1,1.76083,-0.0391667,No,1099.5,9.11299,1524,881.5,32.825,28.25,1.38415
2.8,No,2.53325,-0.26675,2.3,-0.5,2.8,0,2.5999,-0.200095,No,1161,10.5048,1067.33,1396,5.56667,40.5,0.370382
1.0,No,0.996372,-0.00362789,0.45,-0.55,0.9,-0.1,0.941667,-0.0583333,No,1024.75,3.36854,1256.75,828.25,15,73.25,1.24134
3.7,No,4.08138,0.381381,4.36667,0.666667,4.5,0.8,4.46582,0.765821,No,1451.25,18.8427,1407.5,1964.5,9.45,47.175,0.558925
2.5,No,2.39584,-0.104155,2.35,-0.15,2,-0.5,2.17583,-0.324167,No,1110,13.4159,1449.5,1009.25,34.875,18.4,1.01062
2.0,No,1.88288,-0.117117,1.55,-0.45,2,0,1.775,-0.225,No,1188.25,9.37118,1635.75,1148,23.875,66.275,1.93609
1.4,No,1.48819,0.0881918,1.26667,-0.133333,1.3,-0.1,1.41908,0.0190833,No,904.75,5.66486,767,698.75,9.6,18.775,0.224648
0.5,No,0.437078,-0.0629224,0.4,-0.1,0.5,0,0.60881,0.10881,No,862.5,3.00383,1504,815.75,25.925,45.15,1.48889
3.1,No,3.07714,-0.0228554,3.425,0.325,3.2,0.1,3.22825,0.12825,No,1135.5,18.373,1940,1124.25,32.625,24.125,1.16885
4.8,No,5.13383,0.33383,4.95,0.15,5,0.2,5.13176,0.331762,No,1556.75,27.1449,2086.5,1757.25,24.875,30.775,0.953975
1.5,No,1.63633,0.136332,1.7,0.2,1.5,0,1.61344,0.113444,No,1044.25,6.7254,1158.25,909,13.7,45.85,0.715407
0.7,No,0.660728,-0.039272,0.575,-0.125,0.7,0,0.701667,0.00166667,No,940.75,3.57259,1529.5,641.75,24.65,56.85,1.73895
3.4,No,3.34911,-0.0508904,3.1,-0.3,3.1,-0.3,3.32556,-0.0744394,No,1559.5,14.7205,1817.5,1648,16.65,49.575,0.93199
1.9,No,1.66575,-0.23425,1.76667,-0.133333,1.8,-0.1,1.74957,-0.150429,No,1071.75,7.53416,1318.25,927.75,17.975,60.4,1.23311
2.9,No,3.50173,0.601732,4.3,1.4,3.7,0.8,3.53894,0.638939,No,1402.75,17.6439,1871.75,1365,20.875,66.275,1.61653
1.4,No,1.07866,-0.321338,1.4,0,1.4,0,1.2905,-0.1095,No,1048.25,6.58511,1607.25,699.75,38.675,25.775,1.74257
2.3,No,2.24381,-0.056188,2.15,-0.15,2.3,0,2.2622,-0.0377976,No,1146.75,11.8028,1718.75,1042.25,23.025,46.15,1.28148
0.8,No,0.845451,0.0454505,0.8,1.11022e-16,0.9,0.1,0.884476,0.0844762,No,868,1.8858,755.25,363.25,10.35,27.7,0.34813
2.6,No,1.85131,-0.748689,0.7,-1.9,1.7,-0.9,1.48483,-1.11517,No,1048.25,6.77056,954.5,887.5,5.5,43.525,0.396256
1.1,No,0.779785,-0.320215,1.3,0.2,0.9,-0.2,0.855524,-0.244476,No,879.5,4.30793,1166.75,514.25,31.6,18.025,0.82429
1.7,No,1.61965,-0.0803479,1.45,-0.25,1.4,-0.3,1.65648,-0.0435238,No,1032.25,5.56569,914.75,1278,4.5,47.95,0.407892
0.5,No,0.724566,0.224566,0.6,0.1,0.7,0.2,0.74325,0.24325,No,976,1.78536,1143.25,704.75,15.025,64.85,1.10073
3.9,No,4.20776,0.307759,4.03333,0.133333,4.6,0.7,4.31,0.41,No,1327.5,20.1199,1405,1672,4.45,61.05,0.517563
0.5,No,0.541402,0.0414018,0.833333,0.333333,0.7,0.2,0.575476,0.0754762,No,901.5,3.46568,1535.25,722.25,26.275,56.525,1.90265
0.5,No,1.71343,1.21343,2.3,1.8,1.5,1,1.53283,1.03283,No,1151,6.03125,1156,1072.75,10.6,55.875,0.713785
1.0,No,0.728553,-0.271447,1.23333,0.233333,1,0,0.97125,-0.02875,No,949.25,5.01129,1578.75,572.5,35.925,32.125,1.86967
2.5,No,2.38149,-0.118505,2.1,-0.4,2.4,-0.1,2.45342,-0.0465794,No,1081,13.4538,1854,1087,21.775,47.85,1.2325
5.7,No,5.79682,0.0968208,5.75,0.05,6.3,0.6,6.02631,0.32631,No,1578,28.9685,1761,2086,7.875,60,0.640562
1.8,No,2.03041,0.230407,2.6,0.8,1.9,0.1,1.95362,0.153619,No,1108.25,8.69374,1314.75,1105.5,9.475,80.325,0.953248
2.3,No,2.09821,-0.201793,1.9,-0.4,1.9,-0.4,2.08055,-0.219452,No,1100.5,12.1996,1772,862.5,33,26.025,1.2877
1.4,No,1.50618,0.106183,1.53333,0.133333,1.6,0.2,1.57642,0.176417,No,1054.75,8.55586,1634.25,990.25,30.1,33.95,1.4257
0.7,No,0.52869,-0.17131,0.7,0,0.7,0,0.596,-0.104,No,883.75,3.86146,1393.5,487.5,37.9,18.85,1.22203
2.8,No,2.24554,-0.554465,2.5,-0.3,2.2,-0.6,2.30833,-0.491667,No,1232.25,8.77565,1171.25,1626.5,8.875,54.575,0.622559
1.4,No,1.76535,0.365349,1.45,0.05,1.8,0.4,1.91333,0.513333,No,1069.75,10.6118,1537.75,1039,40.275,15.75,1.1604
2.6,No,2.99455,0.394548,3.13333,0.533333,2.7,0.1,2.75667,0.156667,No,1310.25,15.3639,1939.25,1224.25,21.4,50.925,1.2823
1.4,No,1.14229,-0.257711,1.4,-2.22045e-16,1.3,-0.1,1.25743,-0.142571,No,927.5,6.54606,1410,871.25,27,30.725,1.07897
1.5,No,1.37381,-0.126186,1.83333,0.333333,1.6,0.1,1.47944,-0.0205556,No,983.75,6.3743,1515.75,786.5,13.35,61.825,0.943333
3.8,No,3.88461,0.0846111,3.425,-0.375,3.6,-0.2,3.87467,0.0746667,No,1415.5,21.5344,1997.75,1491.5,36.075,25.475,1.49491
2.1,No,2.27243,0.172427,2.3,0.2,2.3,0.2,2.40642,0.306417,No,1089.75,12.6906,1693,1124.25,26.075,31.075,1.03381
1.1,No,0.986328,-0.113672,1.1,0,1.1,0,1.11893,0.0189286,No,959.75,3.21888,1223.75,544,11.875,46.475,0.644948
3.5,No,3.5962,0.0962005,3.33333,-0.166667,3.8,0.3,3.79025,0.29025,No,1408.25,18.0369,1886,1711.25,18.6,47.8,1.01432
0.9,No,0.988212,0.0882116,1.03333,0.133333,0.8,-0.1,0.753944,-0.146056,No,910.5,4.60108,1369.75,739.25,16.725,43.375,0.819265
2.2,No,2.14397,-0.0560306,1.9,-0.3,2.2,0,2.11995,-0.0800476,No,1261.75,8.59963,1575.5,1092.75,10.4,74.425,0.938425
2.8,No,2.32955,-0.470446,2.8,0,2.3,-0.5,2.21333,-0.586667,No,973,14.3603,1642.25,894.25,32.925,15.525,0.764947
4.1,No,4.31534,0.215336,3.65,-0.45,4.1,0,4.4685,0.3685,No,1454,20.084,1605.5,1673,4.775,74.65,0.647016
2.7,No,4.30995,1.60995,3.8,1.1,4.3,1.6,4.21605,1.51605,No,1316.25,21.1012,1327.5,1613.25,9.725,31.9,0.384838
3.4,No,3.39292,-0.00707537,3.45,0.05,3.6,0.2,3.62758,0.227583,No,1248.25,15.9702,1258.75,1608.5,9.95,43.95,0.538089
0.9,No,0.984332,0.0843317,0.85,-0.05,0.9,0,0.93829,0.0382897,No,891,3.23124,1057.75,798,6.95,77.3,0.775868
3.9,No,4.07289,0.172889,3.575,-0.325,4,0.1,4.05144,0.151444,No,1377.75,21.6549,2075.75,1488.5,19.775,47.875,1.09198
0.8,No,0.995295,0.195295,0.85,0.05,0.8,0,0.746833,-0.0531667,No,955.5,6.03125,1543.75,1093.5,28,39.775,1.48032
4.9,No,7.48871,2.58871,7.7,2.8,7.3,2.4,7.56363,2.66363,No,1834.75,38.0976,2083,2253.75,10.4,64.425,0.812335
7.2,No,6.18233,-1.01767,6.35,-0.85,6.2,-1,6.6451,-0.554905,No,1662.5,31.9952,1905.75,2159,19.475,35.625,0.797771
1.2,No,1.40176,0.201761,1.43333,0.233333,1.3,0.1,1.31825,0.11825,No,965.25,8.0077,1630.75,967.5,22.85,43.575,1.19736
1.3,No,1.02347,-0.276526,1.3,0,1.2,-0.1,1.27781,-0.0221905,No,985,6.30833,1544.25,621,35.325,28.475,1.60337
2.7,No,2.67964,-0.0203621,2.7,-4.44089e-16,2.6,-0.1,2.48502,-0.21498,No,1140.25,14.1661,1601.5,1208,19.65,64.475,1.45939
2.3,No,2.10741,-0.192585,2,-0.3,2.1,-0.2,2.02667,-0.273333,No,1134,12.6684,1764.75,1022.25,39.725,20.4,1.45937
0.9,No,1.1813,0.281304,1.16667,0.266667,1.1,0.2,1.14367,0.243667,No,947,5.7121,1276.25,942.75,19.375,50.325,1.12006
1.1,No,1.0425,-0.0574953,1.15,0.05,1.1,0,1.01378,-0.0862222,No,911,4.15068,1169.75,839.25,11.575,73.4,0.999011
0.6,No,0.450532,-0.149468,0.6,0,0.6,0,0.528393,-0.0716071,No,870.5,2.79904,1527.5,683.5,23.7,53.475,1.54597
2.6,No,2.81592,0.215917,2.525,-0.075,2.7,0.1,2.646,0.046,No,1296.25,13.8962,1736,1072.5,19.825,81.025,1.85376
3.3,No,2.97671,-0.323294,3.7,0.4,3,-0.3,3.06133,-0.238667,No,1302.5,14.3603,1573,1540.5,17.65,55.575,1.11196
1.7,No,1.38677,-0.313226,1.6,-0.1,1.6,-0.1,1.56917,-0.130833,No,1063,8.48105,1676.25,821,37.225,29.1,1.81852
3.3,No,2.98203,-0.317972,2.85,-0.45,2.9,-0.4,2.9205,-0.379504,No,1283.5,15.0129,1725,1303.75,21.75,31.85,0.819138
2.8,No,2.7137,-0.0862972,2.5,-0.3,2.7,-0.1,2.71595,-0.0840476,No,1225.75,15.6294,1952,1310.5,33.625,28.675,1.46928
1.6,No,1.76348,0.163485,1.56667,-0.0333333,1.7,0.1,1.90156,0.301556,No,1091,10.2381,1711.25,774.25,33.975,30.925,1.61578
1.6,No,1.6876,0.0875984,1.3,-0.3,1.8,0.2,1.6735,0.0735,No,1084.67,8.4541,1639,871.333,21.2667,44.6667,1.11567
4.9,No,5.1484,0.248398,5.05,0.15,5.4,0.5,5.46435,0.564345,No,1529,28.958,2558.5,1763,27.425,45.55,1.63964
10.1,No,8.63032,-1.46968,7.7,-2.4,8.4,-1.7,8.73267,-1.36733,No,1956,45.2436,2338,2465,15.5,62.775,1.09795
4.7,No,3.63115,-1.06885,3.46667,-1.23333,3.9,-0.8,4.1695,-0.5305,No,1353.25,16.2483,1424,1292.5,5.5,84.1,0.765655
4.0,No,3.17099,-0.829009,3.075,-0.925,3.2,-0.8,3.081,-0.919,No,1280.75,14.4617,1206.25,1696,12.725,30,0.439763
3.3,No,3.21507,-0.0849275,2.65,-0.65,2.9,-0.4,3.13267,-0.167333,No,1430.25,16.2401,1811.5,1339.25,29,43.9,1.73091
0.9,No,0.947249,0.0472488,0.8,-0.1,1,0.1,1.21479,0.314786,No,816,4.51988,1187.5,792.5,12.525,63.2,0.914595
2.2,No,1.66017,-0.539833,1.7,-0.5,1.7,-0.5,1.63857,-0.561429,No,1088.75,6.51266,1215.5,1003.5,11.775,65.025,0.896556
2.4,No,2.38951,-0.0104899,2.46667,0.0666667,2.4,0,2.43121,0.0312143,No,1159.25,12.3161,1648.25,1173.75,22.175,33.375,0.88064
2.5,No,2.37529,-0.124713,2.775,0.275,2.4,-0.1,2.43542,-0.0645794,No,1066.75,13.6742,1839.75,1124.5,23.3,43.4,1.2251
5.1,No,5.38543,0.285426,5.05,-0.05,5.4,0.3,5.47685,0.376845,No,1610.5,30.0272,2370.75,1948,34.925,29.25,1.611
1.3,No,1.29764,-0.00235798,1.56667,0.266667,1.4,0.1,1.83676,0.536762,No,873,7.31661,1528.25,886.5,16.25,57.35,1.05149
0.9,No,1.01123,0.11123,1.2,0.3,1,0.1,0.999952,0.0999524,No,964.667,6.14109,1681.33,776.667,26.7667,52.3667,1.81409
3.5,No,3.13086,-0.36914,2.96667,-0.533333,3.1,-0.4,3.10638,-0.393619,No,1241.5,16.4458,1944.5,1174.75,17.475,60.775,1.20286
0.5,No,0.680254,0.180254,0.6,0.1,0.5,0,0.507917,0.00791667,No,817.5,0.873379,780.75,422.25,3.975,47.75,0.391894
0.6,No,0.697556,0.0975562,0.8,0.2,0.7,0.1,0.64231,0.0423095,No,835.25,1.51909,768.25,391.25,12.2,35.55,0.5038
1.4,No,1.45794,0.0579413,1.3,-0.1,1.5,0.1,1.52743,0.127429,No,992,6.9049,1305.33,929.667,17.5,59.3667,1.17681
2.5,No,2.64036,0.140365,2.55,0.05,2.5,0,2.68369,0.18369,No,1209.75,14.9891,1849.25,1326.75,32.25,30.425,1.44332
2.4,No,2.40124,0.00123661,2.26667,-0.133333,2.4,0,2.22561,-0.174389,No,1344,9.73779,1619.75,1278.25,11.65,63.425,0.867449
1.5,No,1.36423,-0.135773,1.525,0.025,1.4,-0.1,1.38233,-0.117667,No,1073.5,7.64097,1725.5,838.25,28.125,54.125,2.02902
2.1,No,2.11629,0.0162916,2,-0.1,2.6,0.5,2.48983,0.389833,No,1164.75,9.44272,1451.75,978.75,14.1,84.1,1.34611
3.0,No,3.60463,0.604627,3.75,0.75,3.4,0.4,3.43267,0.432667,No,1345.5,19.3352,1873.25,1193.25,30.85,20.525,0.89955
1.4,No,1.59504,0.195039,1.375,-0.025,1.4,2.22045e-16,1.58431,0.18431,No,1055.25,5.37473,940,1376.5,5.15,45.625,0.405645
1.2,No,1.06538,-0.134621,1.3,0.1,1.1,-0.1,1.18226,-0.0177381,No,979.5,4.30793,1098,565.25,22.825,32.95,0.904049
0.7,No,0.831512,0.131512,0.833333,0.133333,0.8,0.1,0.81875,0.11875,No,929.75,3.28919,1339.25,745.75,15.525,47.275,0.828153
3.3,No,3.38134,0.0813354,3.16667,-0.133333,3.4,0.1,3.15267,-0.147333,No,1357.25,17.6609,1834,1372.5,25.2,53.275,1.68344
2.4,No,2.1503,-0.249705,2.1,-0.3,2.3,-0.1,2.27833,-0.121667,No,1198,9.08094,1307.25,1290.75,13.5,62.6,0.964364
0.9,No,1.22434,0.324341,0.75,-0.15,1,0.1,0.940952,0.0409524,No,999.75,3.28504,917.25,1157.75,3.675,57.475,0.46212
3.8,No,3.04197,-0.758033,3.13333,-0.666667,3.1,-0.7,3.03042,-0.769583,No,1315,14.298,1537,1473.5,15.3,61.025,1.05396
1.2,No,1.09849,-0.101508,1.53333,0.333333,1.4,0.2,1.42444,0.224444,No,1001.25,6.57953,1613.75,668.25,32,38.225,1.78798
1.6,No,1.53557,-0.0644253,1.56667,-0.0333333,1.5,-0.1,1.51639,-0.0836111,No,950.5,8.64976,1459.5,948.75,23.5,41.6,1.1884
1.9,No,1.88557,-0.0144328,1.63333,-0.266667,1.9,0,1.847,-0.053,No,1173.25,7.66479,1287.5,1038,15.625,54.8,0.966041
2.3,No,2.18081,-0.119186,1.8,-0.5,2,-0.3,2.06967,-0.230333,No,1142.25,11.5816,1611.25,1062.25,27.95,27.625,1.02516
1.5,No,1.34138,-0.158617,0.975,-0.525,1.2,-0.3,1.5925,0.0925,No,1078.25,5.04117,1269.25,997.75,14.325,68.5,1.11222
1.8,No,1.93142,0.131418,1.8,0,1.8,0,1.88208,0.0820833,No,1141.75,11.1796,1669.5,1158.5,37.3,22.9,1.43693
6.1,No,3.73108,-2.36892,2.175,-3.925,3.3,-2.8,2.62606,-3.47394,No,1437.5,16.9441,1405.25,1961.5,10.775,52.375,0.67675
2.7,No,3.35361,0.653615,3.325,0.625,3.2,0.5,3.20712,0.507119,No,1289.5,18.14,1853.25,1415,25.025,50.85,1.5903
1.0,No,0.985187,-0.0148125,1.1,0.1,1.1,0.1,1.09533,0.0953333,No,940,3.18601,1232,646,8.625,57.825,0.648825
2.9,No,2.72951,-0.170494,3.16667,0.266667,2.9,0,2.94258,0.0425833,No,1124.5,15.9865,1921.25,1065,28.675,35.75,1.38343
4.3,No,3.29475,-1.00525,3.93333,-0.366667,3.5,-0.8,3.31139,-0.988611,No,1184.25,16.4211,1326.5,1478.75,14.475,33.8,0.554057
1.2,No,1.62067,0.420666,1.2,0,1.5,0.3,1.33367,0.133667,No,1053.75,5.46212,1128.5,699.25,4.2,80.9,0.674249
0.6,No,0.75411,0.15411,0.633333,0.0333333,0.6,0,0.587524,-0.0124762,No,882.5,1.1948,962,606.25,3.275,84.525,0.661209
1.1,No,1.27946,0.17946,1.23333,0.133333,1.2,0.1,1.40111,0.301111,No,1008.75,6.08516,1430,855.5,18.5,76.4,1.61125
1.7,No,1.47347,-0.226533,1.43333,-0.266667,1.5,-0.2,1.44583,-0.254167,No,1008.25,8.02592,1680.75,849.75,21.6,53.65,1.36736
2.0,No,1.62629,-0.373706,1.96667,-0.0333333,2,0,1.70567,-0.294333,No,1027,7.71253,1568.25,875.75,13.35,64.65,0.986437
2.4,No,2.48751,0.0875062,2.9,0.5,2.6,0.2,2.4395,0.0395,No,1103.5,13.4613,1482.5,1147,26.375,28.525,0.9658
3.2,No,3.21857,0.0185653,3.025,-0.175,3.1,-0.1,3.13481,-0.0651905,No,1252.25,17.7802,1759,1127,31.525,31.425,1.43099
2.2,No,2.32476,0.124763,2.375,0.175,2.4,0.2,2.55388,0.353881,No,1218.25,10.8595,1486.25,1108.25,19.725,51.8,1.17789
2.6,No,2.56881,-0.0311874,3.075,0.475,2.8,0.2,2.71167,0.111667,No,1124.5,11.3059,1146.75,1200.25,7.675,41.85,0.440885
0.8,No,0.618164,-0.181836,0.7,-0.1,0.9,0.1,0.812333,0.0123333,No,913.5,4.28465,1495.5,533.5,35.275,27.625,1.55122
1.5,No,1.54713,0.0471342,1.6,0.1,1.6,0.1,1.59283,0.0928333,No,1054,8.58711,1792.75,899,23.275,60.525,1.70596
0.9,No,0.727314,-0.172686,0.8,-0.1,0.8,-0.1,0.829643,-0.0703571,No,822.5,1.92862,777.5,419.75,13.075,31.725,0.475614
2.1,No,2.19728,0.0972836,2.1,0,2.2,0.1,2.18683,0.0868333,No,1120.25,9.02336,1244.5,916.75,6.6,71.125,0.697338
0.3,No,0.44966,0.14966,0.725,0.425,0.5,0.2,0.677762,0.377762,No,831.25,2.58918,1405.5,483.75,22.45,49.7,1.33327
3.2,No,3.00511,-0.194889,2.75,-0.45,3.2,0,3.17777,-0.0222262,No,1249.5,13.3026,1197.75,1628.5,8.5,42.375,0.471552
1.7,No,2.03805,0.338048,2,0.3,2,0.3,1.98939,0.289389,No,1238.25,9.0042,1622.25,877,19.675,47.05,1.06661
2.7,No,2.6521,-0.0479048,2.725,0.025,2.7,0,2.77667,0.0766667,No,1260.25,12.0041,1722,978.75,10.675,68.5,0.879356
0.5,No,0.338945,-0.161055,0.45,-0.05,0.5,0,0.387857,-0.112143,No,756.5,2.72576,1344.5,450.75,26.975,27.975,0.980965
4.1,No,4.26101,0.161006,3.4,-0.7,3.8,-0.3,3.92433,-0.175667,No,1484.75,22.2898,2005.25,1614.25,23.95,54.4,1.59629
3.1,No,3.3923,0.292297,3.93333,0.833333,3.5,0.4,3.48925,0.389254,No,1192,16.545,1221.75,1449.5,13.15,23.875,0.359653
1.8,No,1.48867,-0.311332,1.35,-0.45,1.6,-0.2,1.68333,-0.116667,No,1079,8.246,1685.75,928.25,29.225,37.8,1.5098
1.3,No,1.14575,-0.15425,1.3,0,1.3,0,1.25605,-0.0439524,No,911.75,7.36342,1436,613.5,36.625,15.175,0.917748
2.8,No,2.7236,-0.0763998,3.35,0.55,2.8,-4.44089e-16,2.97142,0.171417,No,1144.5,15.6779,1894,1376,26.7,35.45,1.22329
3.0,No,2.66102,-0.338977,3.075,0.075,2.9,-0.1,2.79008,-0.209917,No,1146,11.7956,1168.5,1247.75,8.15,41,0.445788
0.6,No,0.529386,-0.0706138,0.5,-0.1,0.5,-0.1,0.453123,-0.146877,No,897,1.71865,1355,472.25,16.325,56.95,1.04908
2.7,No,2.64792,-0.0520829,2.5,-0.2,2.7,0,2.72975,0.02975,No,1283,11.6813,1307.75,1723.75,14.725,41.175,0.685736
2.6,No,2.42258,-0.177422,2.55,-0.05,2.5,-0.1,2.48367,-0.116333,No,1054.25,13.7812,1669.5,1167,24.95,28.725,0.894385
5.0,No,4.54454,-0.455461,4.55,-0.45,4.8,-0.2,5.08875,0.08875,No,1425.5,22.904,1751.25,1630.5,12.95,73.025,1.08603
2.8,No,3.2494,0.449398,2.3,-0.5,2.9,0.1,2.7535,-0.0465,No,1364,16.8356,1850.25,1565.75,26.7,28.675,0.989504
3.1,No,4.0827,0.982701,3.675,0.575,3.7,0.6,3.50625,0.40625,No,1472.25,21.1103,1894.75,1516.25,25.225,49.5,1.56647
2.8,No,2.6211,-0.1789,2.45,-0.35,2.7,-0.1,2.69033,-0.109667,No,1193.25,14.6026,1924,1370,25.7,41.025,1.3351
0.7,No,0.533959,-0.166041,0.7,0,0.6,-0.1,0.679905,-0.0200952,No,774.25,1.98523,966.25,456.5,16.65,38.225,0.718615
0.5,No,0.464887,-0.035113,0.5,0,0.5,0,0.521667,0.0216667,No,817,2.98786,1472,628,21.7,52.65,1.35
2.7,No,2.70247,0.00247318,3.13333,0.433333,3,0.3,2.95773,0.257735,No,1113.5,16.0273,1927.5,1128.75,30.275,26.875,1.13992
2.7,No,2.31104,-0.388962,2.775,0.075,2.3,-0.4,2.36298,-0.337024,No,1053,13.2875,1748.5,923.5,26.175,32.55,1.08924
4.0,No,3.14192,-0.85808,3.4,-0.6,3.8,-0.2,3.51962,-0.480381,No,1037.5,16.3469,1290.75,1166.5,12.275,31.975,0.455334
1.2,No,1.18137,-0.0186347,1.8,0.6,1.4,0.2,1.40267,0.202667,No,1013.75,4.48189,1287.75,765,13.225,84.425,1.2779
1.0,No,1.21625,0.216245,0.85,-0.15,1,0,1.03167,0.0316667,No,1007,3.41485,1052.75,847.75,5,82.55,0.726508
2.3,No,2.2685,-0.0314978,2.5,0.2,2.2,-0.1,2.22,-0.08,No,1140.5,9.7114,1245,1214.25,9.1,65.7,0.760675
1.1,No,1.44046,0.340461,1.95,0.85,1.7,0.6,1.6792,0.579196,No,1002.25,6.34678,1306.75,857,14,76.6,1.21829
4.5,No,3.96315,-0.536847,3.25,-1.25,4,-0.5,4.23245,-0.267548,No,1353.5,19.0268,1529.5,1580.25,8.575,82.25,0.919838
2.6,No,2.81672,0.216724,2.5,-0.1,2.8,0.2,2.74038,0.140384,No,1494.75,11.7241,1735,1373,17.15,47.85,0.928079
2.1,No,2.03638,-0.063623,1.8,-0.3,2.1,0,1.99833,-0.101667,No,1149,9.3193,1577.25,1203.5,13.525,54.125,0.835138
1.0,No,1.42909,0.429088,1.2,0.2,1.2,0.2,1.05821,0.0582143,No,1075.5,4.07299,946.75,1448.25,3.45,56.275,0.445543
0.2,No,0.417802,0.217802,0.4,0.2,0.4,0.2,0.431595,0.231595,No,799,1.62524,1319.5,642.75,12.75,66,0.969033
3.6,No,3.89611,0.29611,4.025,0.425,4,0.4,3.95867,0.358667,No,1400.75,18.7554,1580.25,1576.75,13.8,56.3,0.884084
1.6,No,4.28272,2.68272,4.8,3.2,4.9,3.3,4.93,3.33,No,1488.75,20.2911,1547,1918.75,12.025,56.55,0.792404
3.3,No,3.46912,0.169124,3.83333,0.533333,3.4,0.1,3.86292,0.562917,No,1284,17.1957,1544.5,1414.5,15.775,48.925,0.870655
2.2,No,2.16493,-0.0350712,2.5,0.3,2.2,0,2.09283,-0.107167,No,1241.75,8.89596,1326.5,1127,15.8,51.3,0.914356
0.3,No,1.90334,1.60334,1.9,1.6,1.8,1.5,1.79333,1.49333,No,1091.75,10.7285,1746.25,836,28.025,46.175,1.72101
0.7,No,0.618319,-0.0816812,0.766667,0.0666667,0.6,-0.1,0.719643,0.0196429,No,837.5,2.23268,1219.5,433.75,14.225,45.45,0.733286
1.4,No,1.61573,0.215727,1.03333,-0.366667,1.6,0.2,1.83971,0.439714,No,972.75,6.84989,1212.5,852,7.95,81.6,0.875519
3.6,No,3.29815,-0.301846,3.7,0.1,3.3,-0.3,3.29236,-0.307639,No,1332.5,15.1641,1440.5,1646.5,10.7,70.875,0.911328
2.4,No,2.08133,-0.318667,2.4,0,2.2,-0.2,2.17133,-0.228667,No,1100.5,8.85789,1084.5,1208.25,12.625,39.85,0.580408
0.4,No,0.650076,0.250076,0.3,-0.1,0.4,0,0.417833,0.0178333,No,843.75,0.581914,748,336.5,6.9,40.9,0.409146
1.4,No,1.37033,-0.0296695,1.5,0.1,1.4,0,1.375,-0.025,No,1002.5,8.17848,1427,680.25,39.325,13.875,0.971491
0.7,No,0.641545,-0.0584545,0.7,0,0.6,-0.1,0.607321,-0.0926786,No,828.25,1.15196,880,434.25,8.075,53.075,0.574211
0.8,No,0.661969,-0.138031,0.8,0,0.7,-0.1,0.679381,-0.120619,No,940,3.96437,1640.75,588,25.175,67.075,2.11639
4.2,No,4.14374,-0.0562623,4.63333,0.433333,4.4,0.2,4.011,-0.189,No,1594.5,19.8956,2057.5,1707,16.65,57.375,1.07863
1.3,No,1.0609,-0.239095,1.4,0.1,1.1,-0.2,0.871333,-0.428667,No,882.5,5.05613,1238.25,497.75,19.8,23.125,0.528264
3.5,No,3.1606,-0.339403,3.2,-0.3,3.2,-0.3,3.30671,-0.193286,No,1268.25,14.3603,1254.5,1532.75,10.775,40.25,0.52008
2.2,No,2.3991,0.1991,2.4,0.2,2.2,0,2.26333,0.0633333,No,1375.5,9.2288,1583.75,1203.25,11,60,0.786713
3.6,No,4.46032,0.860319,5.35,1.75,4.2,0.6,4.36717,0.767167,No,1383.75,23.3142,1833.25,1404,17.8,65.425,1.32129
1.0,No,1.04163,0.0416266,1.16667,0.166667,1.2,0.2,1.03269,0.0326869,No,887,2.95603,853.5,588,6.6,40.225,0.394382
1.5,No,1.31391,-0.186089,1.25,-0.25,1.3,-0.2,1.13186,-0.368143,No,1097.75,4.67806,1360,763.75,14.85,43.5,0.730216
1.2,No,1.49393,0.293933,1.3,0.1,1.3,0.1,1.14829,-0.0517143,No,1197,4.74101,1393,949.25,11.175,59.175,0.784772
1.7,No,1.52161,-0.178394,2.36667,0.666667,1.6,-0.1,1.48339,-0.216607,No,1011.33,5.3679,992.333,1018.67,6.76667,48.6333,0.48218
1.5,No,1.98029,0.480289,2.45,0.95,2.1,0.6,2.01829,0.518286,No,1096.5,9.42969,1620,1046.75,12.875,66.525,0.984614
2.1,No,2.63439,0.534389,2.475,0.375,2.4,0.3,2.30577,0.205774,No,1195,15.1242,1732.25,1369.75,36.775,17.95,1.09452
1.1,No,0.998916,-0.101084,1.15,0.05,1.2,0.1,1.09786,-0.00214286,No,900,3.99592,1152.75,736.25,12.7,70.975,1.03874
3.7,No,3.68934,-0.0106569,2.75,-0.95,3.7,0,3.46429,-0.235714,No,1302.75,19.6902,2115.5,1235.75,16.825,66.775,1.26915
0.8,No,1.57944,0.779436,1.65,0.85,1.4,0.6,1.57488,0.774881,No,1043.75,8.31992,1604.25,1177,21.425,46.475,1.17202
1.2,No,1.26376,0.0637553,1.3,0.1,1.1,-0.1,1.40079,0.200794,No,1154.5,4.42986,1528,1035,14.475,65.3,1.07041
1.5,No,1.38103,-0.118972,1.43333,-0.0666667,1.3,-0.2,1.28667,-0.213333,No,1011,4.25215,1049.5,772.5,4.175,78.2,0.650635
2.2,No,2.56771,0.367713,2.3,0.1,2.7,0.5,2.89724,0.697238,No,1267,12.4258,1765.5,1348,17.275,58.8,1.14938
1.7,No,1.79648,0.0964843,1.9,0.2,1.9,0.2,1.855,0.155,No,1117.75,10.564,1766,878.25,34.7,35.9,1.95279
5.1,No,5.5164,0.416395,5.26667,0.166667,5.6,0.5,5.53417,0.434167,No,1581.5,29.4852,2141,1826.5,23.2,54.7,1.53488
3.5,No,2.46928,-1.03072,3.5,0,2.7,-0.8,2.72133,-0.778667,No,1242.75,10.7698,1349,1394.5,13.7,51.95,0.810587
1.0,No,1.15813,0.158129,0.966667,-0.0333333,1,0,1.04425,0.04425,No,925,6.40739,1513,788.75,21.625,47.475,1.21181
5.2,No,4.791,-0.409003,5.25,0.05,4.7,-0.5,4.88333,-0.316667,No,1386.75,26.7375,2064.5,1509.75,26.65,43.25,1.4881
2.0,No,1.73974,-0.260263,1.46667,-0.533333,1.8,-0.2,1.66238,-0.337619,No,1049.5,9.18369,1446.5,912,26.625,32.075,1.10199
1.2,No,1.07231,-0.127693,1.05,-0.15,1.1,-0.1,1.0378,-0.162202,No,985.75,5.54491,1422.25,853.25,26.35,33.125,1.11991
3.1,No,3.33275,0.232755,3.46667,0.366667,3.1,4.44089e-16,3.21583,0.115833,No,1266.5,15.5568,1381.75,1504.5,8.85,60.775,0.692142
1.1,No,0.952323,-0.147677,1.1,0,1,-0.1,1.07933,-0.0206667,No,894.75,5.5813,1573.5,733.25,21.875,52.675,1.36499
3.4,No,3.2772,-0.122801,3.55,0.15,3.7,0.3,3.30417,-0.0958333,No,1403.5,15.005,1522.75,1614.25,16.125,46.375,0.843625
2.1,No,2.74418,0.644179,2.725,0.625,2.6,0.5,2.73286,0.632857,No,1222.33,15.4067,1827,1593,30.1667,30.9,1.30257
1.1,No,1.07257,-0.0274347,1.13333,0.0333333,1.2,0.1,1.26391,0.163913,No,975.75,6.87832,1467,559.25,40.425,19.825,1.47238
3.3,No,2.62334,-0.676662,2.65,-0.65,2.7,-0.6,2.85512,-0.444879,No,1190,11.8387,1324.25,1354,10.8,52.125,0.674617
2.3,No,2.57909,0.279085,2.23333,-0.0666667,2.3,0,2.18958,-0.110417,No,1207.5,13.8118,1652.5,1018.25,32.2,18.95,0.896434
1.9,No,1.7244,-0.175599,1.4,-0.5,1.8,-0.1,1.76617,-0.133833,No,1095.5,8.7946,1506,1019,24.675,46.375,1.42064
3.4,No,3.42232,0.0223192,3.05,-0.35,3.3,-0.1,3.46398,0.0639762,No,1277.75,18.2779,1813.5,1242.5,23.25,52.025,1.46419
1.6,No,1.41579,-0.18421,1.6,0,1.6,0,1.5005,-0.0995,No,984.75,4.46767,874.75,774,6.025,38,0.358437
0.3,No,1.46784,1.16784,1.4,1.1,1,0.7,1.13417,0.834167,No,1159.33,4.97158,1157.67,590.333,19.6667,37.0667,0.839863
1.3,No,1.59085,0.290845,1.525,0.225,1.6,0.3,1.5465,0.2465,No,978,9.57993,1527.25,679.5,34.25,19.6,1.03985
1.0,No,1.1534,0.153397,1.03333,0.0333333,1.1,0.1,1.20017,0.200167,No,917,6.66913,1655.75,818.5,20.35,52.35,1.23673
2.9,No,2.91692,0.0169208,2.9,0,2.9,0,3.14037,0.240374,No,1228,16.1335,1724,1088.5,32.875,27.725,1.36224
1.2,No,1.44788,0.247878,1.7,0.5,1.6,0.4,1.53657,0.336571,No,1062,8.61841,1683.25,776.75,37,20.125,1.24231
1.6,No,1.44492,-0.155078,1.5,-0.1,1.4,-0.2,1.492,-0.108,No,1059.25,5.39523,1188,877,12.55,63.775,0.924402
1.7,No,1.71865,0.0186483,1.9,0.2,1.9,0.2,1.40083,-0.299167,No,1142,9.13225,1736,793.25,27.85,52.575,1.93978
1.7,No,1.62886,-0.0711414,2.5,0.8,1.7,0,1.61793,-0.0820714,No,1002.75,5.89204,1020.75,1005.25,3.7,68.9,0.554931
0.4,No,1.52364,1.12364,1.3,0.9,1.4,1,1.18867,0.788667,No,1128.25,5.15637,1178.25,923,11.725,62.1,0.853461
0.8,No,0.876266,0.0762663,1.03333,0.233333,0.8,1.11022e-16,0.593333,-0.206667,No,855.25,4.97158,1444,958.5,18.775,48.975,1.05053
4.4,No,4.85099,0.450995,4.3,-0.1,4.5,0.1,4.628,0.228,No,1401,25.7804,1969,1528.25,15.95,76.425,1.37508
3.5,No,2.84738,-0.65262,2.925,-0.575,2.9,-0.6,2.99438,-0.505619,No,1278.5,12.5726,1417.75,1356,9.875,76.3,0.929576
2.1,No,1.94216,-0.157837,0.95,-1.15,1.7,-0.4,1.65893,-0.441071,No,1149.5,7.79638,1198.25,1002,13.925,43.825,0.693693
0.6,No,0.785039,0.185039,0.5,-0.1,0.5,-0.1,0.484485,-0.115515,No,842.5,4.014,1343,547.75,18.875,42.075,0.908101
0.5,No,0.660244,0.160244,0.7,0.2,0.6,0.1,0.52225,0.02225,No,852,2.82236,1172.25,710,16.975,64.5,1.23744
2.6,No,2.49104,-0.108957,2.53333,-0.0666667,2.5,-0.1,2.53603,-0.0639697,No,1179.75,14.1506,1921.25,1271.75,27.775,45.2,1.66044
5.1,No,5.05349,-0.0465079,4.76667,-0.333333,5,-0.1,5.60327,0.503274,No,1558,26.5752,2281,1758.25,18.825,52.45,1.12854
2.2,No,1.71289,-0.487106,1.8,-0.4,1.8,-0.4,1.72783,-0.472167,No,1099.5,5.96148,1070.25,1158,6.325,59.85,0.576054
3.3,No,3.18538,-0.114617,3.1,-0.2,3.1,-0.2,3.27337,-0.026631,No,1534.5,13.7353,1819.5,1323.25,16.425,53.75,0.996351
2.5,No,2.3904,-0.109598,2.23333,-0.266667,2.2,-0.3,2.1935,-0.3065,No,1306,10.2449,1554,1078,17.625,35.1,0.701203
0.8,No,0.976116,0.176116,1.05,0.25,1,0.2,1.097,0.297,No,916.25,5.5605,1587.75,678.75,22.125,53.55,1.40873
3.3,No,2.84131,-0.458695,2.53333,-0.766667,2.6,-0.7,2.72537,-0.574627,No,1488,11.2497,1456.25,1589.5,14.075,67.95,1.08589
2.6,No,2.85114,0.251138,2.75,0.15,2.7,0.1,2.68883,0.0888333,No,1225.75,14.6497,1481,1418.75,25.1,32.25,1.01308
1.4,No,1.52139,0.121393,2.3,0.9,1.6,0.2,1.63267,0.232667,No,905.75,7.65288,1304.25,911.5,13.55,59.375,0.917609
2.1,No,2.02178,-0.0782244,1.45,-0.65,1.7,-0.4,1.74854,-0.35146,No,1009,8.71261,1165.75,982.75,5.1,83.95,0.74386
0.9,No,1.01486,0.114863,0.966667,0.0666667,0.9,2.22045e-16,1.01512,0.115119,No,1017,3.48269,1417.5,869.5,11.175,68.475,0.908107
2.5,No,2.61485,0.114847,2.55,0.05,2.8,0.3,2.76324,0.263238,No,1195.25,10.701,1078.25,1421,5.2,44.2,0.39431
3.6,No,2.82377,-0.776229,2.3,-1.3,2.7,-0.9,3.04162,-0.558381,No,1328,11.4116,1187.75,1610.75,8.15,54.1,0.588222
1.2,No,1.41116,0.211156,1.8,0.6,1.5,0.3,1.61903,0.419028,No,963.75,7.10179,1398.25,734.5,20.85,28.8,0.7014
3.8,No,4.0576,0.257603,3.775,-0.025,3.7,-0.1,4.08186,0.281857,No,1252.25,23.104,2209.5,1462,20.475,52.3,1.245
2.1,No,1.89393,-0.206069,1.85,-0.25,2.2,0.1,2.17075,0.07075,No,1135.5,6.82718,1132.25,1215.5,5.35,65.85,0.59345
1.4,No,1.51473,0.114727,1.45,0.05,1.4,-2.22045e-16,1.26093,-0.139071,No,1030.5,4.99142,904.75,1348,4.975,39.6,0.347922
1.7,No,1.51869,-0.181305,2.05,0.35,1.7,0,1.68412,-0.015881,No,1055.25,9.04253,1647.5,931.5,35.2,24.775,1.38544
2.4,No,3.67882,1.27882,4.95,2.55,4,1.6,4.05467,1.65467,No,1392,16.8579,1346.67,2198.67,8.5,57.8,0.643202
1.3,No,1.84503,0.545031,1.45,0.15,2.1,0.8,1.8525,0.5525,No,1117.75,6.64108,1056,1367.75,5.5,66.5,0.605422
0.9,No,1.00823,0.108234,1.23333,0.333333,0.9,0,0.920476,0.0204762,No,966.25,2.79516,1032.75,902.75,8.15,65.925,0.716794
1.6,No,1.56114,-0.038859,1.825,0.225,1.7,0.1,1.63107,0.0310714,No,1035.5,9.09375,1508.5,769.5,36.275,19.45,1.15395
0.8,No,0.935749,0.135749,0.65,-0.15,0.8,0,0.785,-0.015,No,937.75,2.1074,1032.25,667.5,4.45,80.5,0.682454
2.1,No,2.67013,0.570128,2.675,0.575,2.6,0.5,2.70033,0.600333,No,1204,14.5947,1781.5,1490.5,25.05,49.425,1.54802
1.0,No,0.989002,-0.0109978,1.1,0.1,1,0,0.996333,-0.00366667,No,808.25,2.39721,672.25,543,0.575,34.075,0.221005
0.7,No,0.841335,0.141335,0.9,0.2,0.6,-0.1,0.72481,0.0248095,No,855.5,1.67478,810,555.75,4.1,47.425,0.392566
1.1,No,0.836267,-0.263733,0.866667,-0.233333,1,-0.1,1.0775,-0.0225,No,901.5,6.0205,1517.75,587.5,37.5,24.65,1.56368
0.8,No,1.02544,0.22544,0.8,0,1,0.2,1.15367,0.353667,No,958.75,4.42043,1469.5,860.5,13.325,66.975,1.02028
2.8,No,3.10889,0.308893,3.43333,0.633333,3.4,0.6,3.2291,0.429098,No,1056.25,18.9741,1895.5,1111.25,30.5,24.175,1.03863
2.3,No,2.42502,0.125024,2.5,0.2,2.7,0.4,2.41067,0.110667,No,993.25,11.4328,1004.75,1154,9.4,27.425,0.323862
1.0,No,1.19681,0.196814,1.16667,0.166667,1,0,0.854444,-0.145556,No,878.75,4.20589,878.25,872.75,6.3,44.675,0.429273
2.3,No,2.03403,-0.265966,2.1,-0.2,2.1,-0.2,2.44067,0.140667,No,1044.75,9.52756,1258.75,971.5,14.55,47.975,0.790168
3.0,No,3.2613,0.261296,1.86667,-1.13333,3.3,0.3,3.18411,0.184107,No,1225.5,15.2519,1464.25,1201,6.325,77.425,0.745212
3.4,No,3.62223,0.222229,3.93333,0.533333,3.6,0.2,3.44588,0.045881,No,1373.5,17.4149,1582,1671,13.725,66.75,1.04318
1.9,No,1.76445,-0.135553,1.7,-0.2,1.8,-0.1,1.69133,-0.208667,No,1009.25,8.41892,1390.5,738,16.35,30.8,0.568256
0.6,No,0.758138,0.158138,0.9,0.3,0.9,0.3,0.943167,0.343167,No,858.75,3.77292,1156.75,819.25,22.325,33.65,0.895947
2.1,No,2.119,0.0189994,1.9,-0.2,2,-0.1,1.89967,-0.200333,No,1165.75,12.3453,1824.75,924.25,37.2,25.5,1.59138
4.4,No,4.55756,0.157558,4.35,-0.05,4.3,-0.1,4.57683,0.176833,No,1296,25.2233,1898.5,1489.25,20.8,57.95,1.40704
2.7,No,4.90421,2.20421,4.13333,1.43333,5,2.3,5.13883,2.43883,No,1252,25.372,1383.25,1797.75,6.825,49.825,0.49593
3.0,No,3.1357,0.135701,3.2,0.2,3.1,0.1,3.18818,0.188179,No,1296.5,16.0926,1773,1241.5,23.625,31.275,0.900129
1.3,No,1.17638,-0.123617,1.8,0.5,1.4,0.1,1.33433,0.0343333,No,1003.25,4.67806,1289,805.75,14.075,84.75,1.35436
1.0,No,0.915021,-0.0849791,0.8,-0.2,0.9,-0.1,0.780476,-0.219524,No,978.25,2.57793,1274.25,819.25,8.3,63.575,0.698155
1.7,No,1.79638,0.0963786,2.85,1.15,1.9,0.2,2.05752,0.357524,No,1081.25,8.16623,1591,1023.5,10.95,71,0.92792
1.3,No,1.2809,-0.0190987,1.26667,-0.0333333,1.3,0,1.35375,0.05375,No,999.667,5.25238,1374.67,896,11.9667,54.9,0.766391
1.2,No,1.4291,0.229096,1.13333,-0.0666667,1.2,0,1.3095,0.1095,No,1065.25,7.74842,1760.25,1081,21.875,74.85,1.93962
0.7,No,1.50284,0.802844,1.55,0.85,1.4,0.7,1.15333,0.453333,No,937.75,5.4415,969.25,703.75,4.175,50.1,0.416839
0.9,No,0.787378,-0.112622,0.975,0.075,0.9,0,0.7475,-0.1525,No,835.25,3.65042,1182.25,517.25,19.1,25.925,0.567337
6.3,No,5.98344,-0.31656,6.53333,0.233333,6.3,0,5.71768,-0.582321,No,1609.5,30.9289,1889.75,1931.75,17.975,35.975,0.734458
4.1,No,2.92625,-1.17375,3.33333,-0.766667,3.2,-0.9,3.02367,-1.07633,No,1292,13.0399,1438.25,1390.25,10.275,75.15,0.939858
1.0,No,0.882508,-0.117492,1.03333,0.0333333,1,0,0.902222,-0.0977778,No,957.5,5.63869,1481.25,604,38.35,17.475,1.16086
1.7,No,1.61599,-0.0840065,1.2,-0.5,1.4,-0.3,1.17261,-0.527389,No,1135,5.5813,1170,1151,9.5,69.5,0.82614
2.9,No,2.29189,-0.608106,2.35,-0.55,2.4,-0.5,2.35833,-0.541667,No,1182.5,9.12583,1226.25,1091.75,6.625,83.325,0.818323
2.5,No,2.18467,-0.315334,2.7,0.2,2.2,-0.3,2.45583,-0.0441667,No,947.5,11.0817,1076.5,929.25,17.35,20.425,0.40112
0.5,No,0.504527,0.00452652,0.6,0.1,0.6,0.1,0.708667,0.208667,No,747.5,2.15229,1088.5,676.5,12.8,59.75,0.880091
0.7,No,0.896497,0.196497,0.833333,0.133333,0.8,0.1,0.757083,0.0570833,No,890,4.2893,1290.25,833,16.95,70.5,1.35044
0.5,No,0.424687,-0.0753129,0.466667,-0.0333333,0.6,0.1,0.571786,0.0717857,No,905.75,2.96,1580.75,767.5,26.925,60.275,2.10744
1.8,No,1.93676,0.136759,1.93333,0.133333,1.9,0.1,2.06662,0.266619,No,1106,8.95319,1394.5,1009.75,16.125,71.175,1.29477
0.3,No,0.521788,0.221788,0.4,0.1,0.4,0.1,0.370917,0.0709167,No,716,0.749887,734.25,342.75,4.725,41.4,0.357609
3.4,No,3.14762,-0.252382,3.325,-0.075,3,-0.4,3.05733,-0.342667,No,1257.25,17.5674,1953.75,1607.75,26.65,39.4,1.35563
3.9,No,4.84276,0.942755,4.8,0.9,4.8,0.9,4.83459,0.934592,No,1343.67,27.6853,2311.33,1651.33,23.7333,37.9333,1.09884
4.2,No,3.74651,-0.45349,4.95,0.75,4.1,-0.1,3.68417,-0.515833,No,1376,16.9525,1283.25,2040.75,6.15,54.675,0.520085
1.6,No,1.17897,-0.421032,1.35,-0.25,1.1,-0.5,1.18117,-0.418833,No,826.75,3.57689,726.5,573.25,1.05,36.625,0.245572
3.9,No,3.56258,-0.337424,3.35,-0.55,3.7,-0.2,3.47624,-0.423762,No,1213.25,21.1103,1864,2021,34.15,17.9,0.944398
0.7,No,0.826747,0.126747,0.725,0.025,0.7,0,0.733722,0.0337222,No,843.5,1.41891,725.75,478.5,3.7,35.175,0.283305
0.6,No,0.830722,0.230722,0.7,0.1,0.7,0.1,0.782833,0.182833,No,865.25,4.76532,1450.5,837,21.35,42.325,1.06253
0.9,No,0.972622,0.0726225,0.25,-0.65,1,0.1,0.784667,-0.115333,No,832.5,2.92829,814.25,760.25,5.1,43.475,0.385221
1.7,No,1.81444,0.114445,1.56667,-0.133333,1.9,0.2,2.00889,0.308889,No,1004,10.523,1725.75,1018,24,39.625,1.1662
3.5,No,3.27774,-0.222257,3.35,-0.15,3.3,-0.2,3.16863,-0.331369,No,1266,14.9971,1434.75,1370,6.125,73.975,0.702489
1.4,No,1.2011,-0.198898,1.325,-0.075,1.3,-0.1,1.33383,-0.0661667,No,938.5,6.81017,1479,650,26.275,37.3,1.25553
1.3,No,1.33446,0.0344574,1.325,0.025,1.3,0,1.351,0.051,No,990.25,7.20015,1551.25,727.75,24.725,38.825,1.19288
2.9,No,2.89931,-0.00069053,2.5,-0.4,2.9,0,2.62633,-0.273667,No,1327.5,14.1893,1821,1368,19.45,44.075,0.985484
5.1,No,5.2453,0.145303,4.96667,-0.133333,5.6,0.5,5.34617,0.246167,No,1525.5,26.4842,1855.25,1687,12.5,65.05,0.939854
3.0,No,3.08222,0.0822225,2.825,-0.175,3.1,0.1,2.96673,-0.0332738,No,1323.5,16.0273,1747,1318.25,27.175,42.975,1.52461
1.6,No,1.95534,0.355342,1.63333,0.0333333,1.8,0.2,1.82593,0.225929,No,1175.5,7.54007,1257.25,1179.5,9.875,67.625,0.823887
2.7,No,2.37592,-0.324081,3.15,0.45,2.5,-0.2,2.39165,-0.308345,No,1225,10.1037,1357.5,1236,11.225,78.275,1.04145
1.8,No,1.99826,0.198264,1.93333,0.133333,2.1,0.3,1.99317,0.193167,No,1140.75,7.82642,1212.5,1140.75,8,73.375,0.78989
2.6,No,1.03437,-1.56563,1.025,-1.575,1.1,-1.5,0.997242,-1.60276,No,929.25,2.88886,906.25,523.5,9.65,45.125,0.541709
0.5,No,0.335117,-0.164883,0.6,0.1,0.5,0,0.471,-0.029,No,789.75,2.07316,1257.25,493.25,23.85,44.775,1.30607
4.6,No,4.50824,-0.0917557,3.53333,-1.06667,4.3,-0.3,4.05895,-0.541048,No,1389.75,24.3875,1958.5,1428,23.275,53.075,1.49597
2.4,No,2.35054,-0.0494592,2.775,0.375,2.5,0.1,2.53217,0.132167,No,1050.25,13.6285,1807,1121.5,23.85,39.625,1.15584
1.2,No,0.886113,-0.313887,1,-0.2,1,-0.2,1.04298,-0.157024,No,935.25,3.3225,1182.75,414.5,19.575,27.35,0.61623
4.6,No,4.62128,0.021282,4.775,0.175,4.5,-0.1,4.569,-0.031,No,1458.25,24.1731,1888.5,1664.25,20.725,55.5,1.34143
2.6,No,1.97917,-0.620835,1.4,-1.2,2,-0.6,1.83138,-0.768619,No,1153,9.15153,1424.5,911.25,22.65,22.925,0.622425
2.2,No,2.2983,0.098295,3.25,1.05,2.4,0.2,2.43417,0.234167,No,1206.75,9.26754,1302.5,1162.25,8.125,64.85,0.703936
2.8,No,2.69592,-0.10408,2.45,-0.35,2.5,-0.3,2.53379,-0.266214,No,1176.5,15.2279,1982.75,1310.25,24.575,45.775,1.39398
2.1,No,1.86774,-0.232261,1.7,-0.4,1.9,-0.2,1.84917,-0.250833,No,1081,10.1506,1545.75,1079.25,27.3,38.25,1.36689
1.1,No,1.11561,0.0156112,1.15,0.05,1.1,0,1.20167,0.101667,No,1006.25,4.33127,1369.5,795,14.475,49.45,0.810595
4.7,No,4.06343,-0.636573,3.86667,-0.833333,4,-0.7,4.23175,-0.468254,No,1290,23.5926,2145.5,1511,30.875,28.225,1.23878
1.0,No,0.770649,-0.229351,0.75,-0.25,0.8,-0.2,0.775667,-0.224333,No,919.25,4.48189,1533.75,611,25.075,55.7,1.74713
4.2,No,3.84595,-0.354046,3.85,-0.35,4.2,0,4.2645,0.0645,No,1317,19.018,1445.75,1679,14.675,38.925,0.646213
4.6,No,4.81316,0.213162,5.25,0.65,5.2,0.6,5.01136,0.411357,No,1591.75,24.74,2155.25,2108.25,19.25,46.4,1.02481
1.5,No,1.71384,0.213843,2.16667,0.666667,1.5,0,1.84143,0.341429,No,1056,7.00401,1028.25,1117.25,15,28.45,0.482133
5.7,No,5.40027,-0.299731,5.9,0.2,5.3,-0.4,5.4979,-0.202095,No,1673.25,27.1858,2008,1812.25,19.35,56.25,1.25001
1.1,No,1.02982,-0.0701826,1.23333,0.133333,1,-0.1,0.982889,-0.117111,No,902.25,2.39721,776.75,565.75,4.825,37.95,0.330045
3.0,No,3.03553,0.0355261,3,0,3,0,2.7994,-0.200595,No,1301.25,13.2499,1387.5,1484,7.175,72.35,0.737195
4.5,No,4.80805,0.308048,4.65,0.15,4.7,0.2,4.95694,0.456944,No,1656.75,23.2377,2175.75,1600.25,12.75,71.025,1.04281
2.3,No,2.06213,-0.237871,2.56667,0.266667,2.1,-0.2,2.27702,-0.0229762,No,1102,7.93498,1023.5,1196,5.7,42.1,0.388499
2.9,No,2.78734,-0.112657,3,0.1,2.8,-0.1,2.92926,0.0292619,No,1090.75,16.7108,1834,945.25,33.075,24.325,1.20866
1.7,No,1.33013,-0.36987,1.5,-0.2,1.3,-0.4,1.42783,-0.272167,No,969,6.69162,1375,894.5,18.95,70.375,1.52593
0.6,No,0.483948,-0.116052,0.5,-0.1,0.5,-0.1,0.52,-0.08,No,823.25,2.44461,1299.5,715.5,18.325,66.875,1.3952
1.1,No,1.27642,0.176423,1.2,0.1,1.3,0.2,1.33405,0.234048,No,936.25,6.82151,1380.75,947,20.425,61.075,1.44946
1.9,No,1.74997,-0.150028,1.7,-0.2,1.6,-0.3,1.57367,-0.326333,No,1057,8.86423,1524.75,1041,19.05,66.075,1.44153
1.4,No,1.4992,0.0991963,2.4,1,1.5,0.1,1.49858,0.0985833,No,1022.75,5.15134,982.25,735,9.325,42.325,0.497356
2.7,No,2.78894,0.0889412,2.4,-0.3,3,0.3,3.00446,0.30446,No,1144.25,13.363,1393.5,1258.25,10.175,71.3,0.885895
1.6,No,1.95969,0.359691,2.85,1.25,1.9,0.3,1.9231,0.323095,No,1085.5,8.032,1216,1055,7.725,76.75,0.811249
1.1,No,1.45807,0.358067,1.05,-0.05,1.4,0.3,1.16757,0.0675714,No,940.5,5.75422,917,671,12.575,30.6,0.444253
2.5,No,3.20149,0.701488,3.325,0.825,3,0.5,2.89375,0.39375,No,1281.75,17.6609,1923.5,1695.75,27.1,34.85,1.23098
0.8,No,0.911186,0.111186,0.833333,0.0333333,0.7,-0.1,0.786667,-0.0133333,No,914.5,4.19206,1314.75,816,16.825,72.875,1.38509
1.7,No,1.56406,-0.135936,1.5,-0.2,1.7,0,1.73606,0.0360556,No,1059.25,9.19657,1670.5,813,33.325,32.8,1.65272
2.6,No,1.58654,-1.01346,1.375,-1.225,1.8,-0.8,1.81,-0.79,No,1054.75,5.40037,968.75,1167.25,6.675,47.575,0.468797
1.1,No,0.931291,-0.168709,1.025,-0.075,1,-0.1,0.824333,-0.275667,No,862.25,4.33127,1170.75,602.5,18.2,41.9,0.867422
1.2,No,1.13624,-0.0637636,0.85,-0.35,1.2,0,1.07333,-0.126667,No,1001,6.52935,1662,820.5,25.775,60.45,1.97595
1.4,No,1.21435,-0.185651,1.2,-0.2,1,-0.4,0.976524,-0.423476,No,988.75,3.83037,1048.5,932.5,7.225,72.3,0.739151
2.0,No,1.84391,-0.156094,1.6,-0.4,1.8,-0.2,1.65697,-0.343028,No,1033.75,9.85026,1437.25,1117.75,23.875,38.075,1.11228
1.5,No,1.50739,0.00739008,1.23333,-0.266667,1.7,0.2,1.39252,-0.107476,No,1066.5,4.89257,993.25,1009.25,8.15,46.9,0.509938
3.4,No,3.64191,0.241911,3.3,-0.1,3.5,0.1,3.49367,0.0936667,No,1447.25,17.8399,1778,1295.75,23.9,25.7,0.751891
1.1,No,0.836434,-0.263566,1,-0.1,0.9,-0.2,0.9625,-0.1375,No,904,2.95603,1157,726,12.65,72.15,1.05254
1.9,No,1.81421,-0.0857923,1.85,-0.05,1.8,-0.1,1.8181,-0.0819048,No,1078,10.1843,1696.75,924.75,28.7,34.725,1.34571
3.7,No,3.67889,-0.0211082,3.5,-0.2,3.5,-0.2,3.82833,0.128333,No,1317.25,21.5251,2132,1362.25,37.05,26.875,1.66353
5.2,No,5.36976,0.169758,5.05,-0.15,5,-0.2,5.43654,0.23654,No,1463.75,30.0485,2366.25,1737.75,22.85,54.175,1.48863
3.1,No,2.60875,-0.491254,2.925,-0.175,2.8,-0.3,3.03653,-0.0634683,No,1223.5,11.8889,1475.5,1213,11.85,86.475,1.1981
4.0,No,4.34781,0.347806,3.8,-0.2,4.9,0.9,4.636,0.636,No,1309,21.3311,1555,1411,4.45,81.275,0.689024
0.9,No,0.8884,-0.0116004,1.1,0.2,0.8,-0.1,1.32333,0.423333,No,755,3.62873,749.5,467,14.9,17.075,0.287539
1.4,No,1.23584,-0.16416,1.45,0.05,1.3,-0.1,1.11467,-0.285333,No,944.25,3.75971,1022.25,688.25,3.1,83.05,0.641898
1.3,No,1.25872,-0.0412813,1.675,0.375,1.4,0.1,1.60883,0.308833,No,818.75,5.96148,1026.75,631.25,13.4,36.3,0.555644
3.9,No,3.63374,-0.266259,3.2,-0.7,3.8,-0.1,3.78417,-0.115833,No,1251,18.8427,1676.5,1288.5,16.45,58.825,1.09213
2.1,No,2.18569,0.085686,1.8,-0.3,1.8,-0.3,1.88005,-0.219952,No,1155.75,11.5461,1640,1123,27.725,26.35,0.965174
2.6,No,2.44952,-0.150481,2.775,0.175,2.6,0,2.56344,-0.0365556,No,1072,14.1042,1837.5,1044.75,23.75,46.025,1.33456
0.1,No,0.903085,0.803085,0.25,0.15,0.3,0.2,0.428738,0.328738,No,808.25,2.75266,862,769.75,4.15,52.225,0.433778
2.1,No,1.95684,-0.143163,1.95,-0.15,2.1,0,2.00114,-0.0988571,No,940,12.3745,1539,929.25,35.35,13.775,0.776712
2.7,No,2.98602,0.286024,3.3,0.6,2.9,0.2,3.0666,0.366604,No,1287.5,15.9702,1798.5,1074.25,32.35,20.4,0.973209
1.5,No,1.64271,0.142712,1.66667,0.166667,1.6,0.1,1.70267,0.202667,No,996.5,6.28641,947.75,851.75,9.65,31.35,0.376345
4.6,No,4.26524,-0.334757,4.25,-0.35,4.5,-0.1,4.33311,-0.266893,No,1475,22.0087,2005.5,1696,21.025,41.05,1.01042
2.0,No,1.91991,-0.0800949,2.1,0.1,2,0,2.24392,0.243917,No,1129.5,8.83255,1373,1388.5,16.775,58.175,1.10224
1.9,No,1.74162,-0.158379,1.75,-0.15,1.8,-0.1,1.75389,-0.146111,No,1089,10.4209,1675,824.5,38.5,22.425,1.50182
3.4,No,3.98643,0.586432,4.13333,0.733333,4.1,0.7,4.30494,0.904944,No,1117.25,21.1103,1302,1475.25,13.475,19.525,0.300306
2.1,No,2.20596,0.105961,2.3,0.2,2.3,0.2,2.23917,0.139167,No,1180.75,12.8164,1869.75,1139.75,35.4,27.825,1.57326
8.1,No,6.29165,-1.80835,7.03333,-1.06667,6.7,-1.4,7.23464,-0.865357,No,1759.25,31.6126,1971.25,2234.25,14.575,67.675,1.1164
0.7,No,1.08355,0.383554,0.8,0.1,1,0.3,0.75,0.05,No,967.25,5.06112,1416.25,866.25,16.825,81.275,1.54474
2.3,No,2.13894,-0.161057,1.9,-0.4,2,-0.3,2.16718,-0.132821,No,1132.25,10.4957,1563.75,1205,18.15,40.9,0.844104
2.2,No,2.05152,-0.148482,1.7,-0.5,2,-0.2,1.91283,-0.287167,No,1088.25,11.1236,1554.25,1164.5,26.25,34.075,1.1453
3.5,No,3.36309,-0.136912,3.325,-0.175,3.4,-0.1,3.42861,-0.0713889,No,1166.5,18.8252,1790.25,1212.25,23.025,49.3,1.36895
0.7,No,0.335454,-0.364546,0.5,-0.2,0.5,-0.2,0.531667,-0.168333,No,814.5,2.60421,1518,649.5,23.375,61.7,1.7495
4.5,No,3.58182,-0.918175,3.8,-0.7,3.5,-1,3.60914,-0.890857,No,1382,16.5367,1543,1468.25,10.375,74.625,0.939411
2.7,No,3.40812,0.708115,2.83333,0.133333,3.1,0.4,3.29886,0.598861,No,1244.25,18.8952,2084.25,1256.75,21.275,56.925,1.42257
2.3,No,1.93943,-0.360567,2.6,0.3,2.4,0.1,2.41996,0.11996,No,1131.25,8.30141,1356,987.25,12.7,84.4,1.23521
0.9,No,0.709684,-0.190316,0.65,-0.25,0.8,-0.1,0.79331,-0.10669,No,935.75,4.35466,1551,725.75,27.675,52.575,1.92019
1.9,No,1.67598,-0.224018,1.8,-0.1,1.8,-0.1,1.78695,-0.113048,No,1046.25,7.59935,1357,765,17.775,28.45,0.573671
2.8,No,2.61282,-0.187184,2.2,-0.6,2.5,-0.3,2.29536,-0.504643,No,1455.5,10.5776,1713.75,1202.25,15.725,58.6,1.03955
0.4,No,0.273589,-0.126411,0.425,0.025,0.4,-5.55112e-17,0.357083,-0.0429167,No,742.5,1.03,1291.5,354.5,12.7,71.65,1.04861
2.4,No,2.35778,-0.0422218,2.2,-0.2,2.3,-0.1,2.25733,-0.142667,No,1115.75,14.0888,1854.25,1035.25,34.825,22.8,1.24883
2.1,No,1.90622,-0.193777,1.86667,-0.233333,2,-0.1,1.88958,-0.210417,No,1101,9.20301,1374,1028.75,21.475,43.35,1.09652
3.8,No,3.75073,-0.0492697,3.95,0.15,3.5,-0.3,3.49083,-0.309167,No,1307.5,19.5834,1781,1457.5,17.725,70.65,1.42019
5.7,No,4.65822,-1.04178,4.3,-1.4,4.8,-0.9,4.86725,-0.83275,No,1593.25,22.9991,2158.75,1448.5,14.625,75.975,1.25731
0.9,No,1.0314,0.1314,0.8,-0.1,1,0.1,0.905952,0.00595238,No,947.75,6.35778,1710.75,993.5,24.375,55.175,1.66043
1.2,No,1.96186,0.761861,1.96667,0.766667,1.9,0.7,1.25,0.05,No,1024.75,8.40652,1018.25,1261.75,9.5,35.95,0.427334
2.0,No,1.44666,-0.553344,1.6,-0.4,1.4,-0.6,1.34195,-0.658048,No,1062.75,5.67534,1284.5,607.25,16.375,35.35,0.653225
1.6,No,1.93931,0.339312,2.16667,0.566667,1.9,0.3,1.8175,0.2175,No,1242.75,8.41892,1668.5,656.75,21.225,39.3,0.979147
2.4,No,2.38949,-0.0105112,2.23333,-0.166667,2.8,0.4,2.76267,0.362667,No,1160.5,9.77081,1111,1270.5,6.975,44.225,0.444634
3.6,No,2.86242,-0.737584,3.13333,-0.466667,2.9,-0.7,3.00171,-0.598294,No,1116,16.5947,1862.75,1045,28.275,27.55,1.04178
2.1,No,2.112,0.0119994,1.96667,-0.133333,2.2,0.1,2.37714,0.277143,No,1044.25,9.01058,1014.25,1151.75,8.875,33.75,0.385
1.3,No,0.995973,-0.304027,1.3,0,1.2,-0.1,1.23844,-0.0615639,No,927,5.34403,1266.75,593.75,29.15,26.775,1.06484
1.6,No,1.28585,-0.314154,1.23333,-0.366667,1.4,-0.2,1.4725,-0.1275,No,1042,7.86254,1536.75,800.25,41.375,15.475,1.20894
1.0,No,1.27543,0.27543,1.6,0.6,1.3,0.3,1.30417,0.304167,No,914.5,7.45741,1651,936.5,19.9,51.825,1.19115
3.8,No,4.60008,0.800083,4.575,0.775,4.5,0.7,5.31508,1.51508,No,1438.25,22.847,1640.25,1705,12.925,48.825,0.724965
6.0,No,5.04249,-0.957508,5.125,-0.875,5.1,-0.9,5.3565,-0.6435,No,1536.75,25.6806,1855.25,1840,17.25,52.7,1.02853
0.2,No,1.33193,1.13193,0.575,0.375,0.5,0.3,0.554238,0.354238,No,862.25,4.8729,938.25,879.25,1.3,65.325,0.445714
1.6,No,1.62183,0.0218335,1.65,0.05,1.4,-0.2,1.5585,-0.0415,No,1026.5,6.25905,1170.5,969,6.875,80.65,0.805438
1.8,No,2.00046,0.200458,2.13333,0.333333,2.1,0.3,2.22033,0.420333,No,1073,9.69163,1536.5,804.75,16.575,36.7,0.686716
0.8,No,0.988747,0.188747,0.966667,0.166667,0.9,0.1,0.820619,0.020619,No,806.5,2.55177,683.75,383.5,3.05,30.975,0.238585
5.4,No,5.01247,-0.387529,5.125,-0.275,4.9,-0.5,5.23252,-0.167476,No,1532.75,25.3819,1798.5,1829.25,17.875,37.575,0.762384
2.2,No,2.25236,0.0523561,2.3,0.1,2.2,0,2.45333,0.253333,No,1089.75,12.4404,1772.75,1227.75,21.95,39.35,1.02432
1.5,No,1.7126,0.212601,1.2,-0.3,1.6,0.1,1.65357,0.153571,No,1046,6.00975,940,1264.75,3.95,51.575,0.422563
2.2,No,2.20667,0.00666705,2.075,-0.125,2,-0.2,2.02183,-0.178167,No,1242.5,8.59963,1250.25,1533.75,9.025,69.775,0.80387
1.8,No,1.88006,0.0800608,1.86667,0.0666667,1.8,0,1.80525,0.00525,No,1091.25,9.15153,1467,1014,18.425,68.55,1.43901
3.9,No,3.7991,-0.100895,3.63333,-0.266667,3.5,-0.4,3.74914,-0.150857,No,1405.25,19.018,1734.5,1533.5,19.225,57.85,1.27574
0.4,No,0.496925,0.0969248,0.466667,0.0666667,0.6,0.2,0.576071,0.176071,No,903,2.9362,1559.25,602.75,24.05,63.075,1.86189
1.1,No,1.37558,0.275581,1.43333,0.333333,1.3,0.2,1.298,0.198,No,992.5,4.29396,989.25,1001.25,3.1,68.6,0.530213
0.1,No,0.506273,0.406273,0.6,0.5,0.6,0.5,0.690333,0.590333,No,773.5,1.68102,1107,532,11.625,40,0.546186
3.1,No,2.81398,-0.28602,2.95,-0.15,3,-0.1,2.94625,-0.15375,No,1112.75,13.363,1092.25,1358.75,13.175,20.375,0.307421
2.2,No,2.11362,-0.0863793,1.95,-0.25,2,-0.2,2.066,-0.134,No,1056,12.9727,1723.25,897.75,37.8,17.4,1.12192
1.4,No,1.49002,0.0900181,1.4,0,1.5,0.1,1.54052,0.140524,No,995.75,9.49489,1636.25,683.5,37.975,22.25,1.44833
1.2,No,1.28905,0.089048,1.225,0.025,1.2,0,1.1605,-0.0395,No,1030,6.86694,1699.75,983,21.85,56.975,1.47419
3.0,No,4.7219,1.7219,4.13333,1.13333,3.6,0.6,4.77839,1.77839,No,1359.5,23.5349,1458,1863,7.75,49.025,0.519058
3.8,No,3.95776,0.157763,3.53333,-0.266667,3.9,0.1,3.9865,0.1865,No,1414.25,18.7292,1643.5,1479.25,9.75,80.475,0.972435
1.4,No,1.10772,-0.29228,1.2,-0.2,1.1,-0.3,1.10726,-0.292738,No,995.25,3.64174,1321.25,836.25,7.425,67.975,0.704276
2.1,No,2.03972,-0.0602781,2.1,0,2.1,0,1.71893,-0.381071,No,1120.75,9.41017,1450.75,833.75,17.85,29.225,0.592046
2.0,No,1.96988,-0.0301187,1.63333,-0.366667,1.9,-0.1,1.63975,-0.36025,No,1164.5,6.8954,1154.5,1196.75,3.55,75.95,0.605455
4.2,No,4.15392,-0.0460759,3.4,-0.8,4,-0.2,4.40807,0.208071,No,1388.25,24.5439,2249.75,1913.25,38.775,24.175,1.64325
0.5,No,0.329094,-0.170906,0.7,0.2,0.4,-0.1,0.444667,-0.0553333,No,731.75,2.40811,1412.75,604.75,18.15,54.05,1.1155
1.3,No,1.45669,0.156689,1.1,-0.2,1.3,0,1.21008,-0.0899167,No,1030.5,4.55802,927.25,1143.5,4.9,52.25,0.456731
5.2,No,5.28955,0.0895455,5.73333,0.533333,5.7,0.5,5.39324,0.193238,No,1522.75,26.6462,1811.25,1783,11.425,68,0.91656
5.7,No,5.47875,-0.221247,5.8,0.1,5.8,0.1,6.1205,0.4205,No,1501.25,28.4453,1898.25,1790.5,13.7,66.525,1.038
4.3,No,4.01282,-0.287183,3.95,-0.35,4,-0.3,4.04617,-0.253833,No,1482.25,20.3092,1874,1464,22.925,57.55,1.58849
1.4,No,1.47119,0.0711856,1.375,-0.025,1.3,-0.1,1.39252,-0.00747619,No,1004,4.79456,941.75,1036,4.2,57.1,0.475891
2.4,No,2.41263,0.012635,2.46667,0.0666667,2.3,-0.1,2.24581,-0.15419,No,1139.5,12.661,1596.75,1143,21.675,57.675,1.47662
2.1,No,2.18345,0.0834512,2.5,0.4,2.4,0.3,2.20536,0.105357,No,1201.5,9.48184,1330,1180.75,16,58.075,1.04821
1.4,No,1.22675,-0.173253,1.3,-0.1,1.3,-0.1,1.25376,-0.146238,No,925.25,3.41907,860.75,594,2.775,48.95,0.36996
0.5,No,0.597988,0.0979877,0.6,0.1,0.7,0.2,0.625476,0.125476,No,884.25,1.63448,1135,707.75,12.875,72.7,1.07601
1.3,No,1.42113,0.121126,1.55,0.25,1.5,0.2,1.58789,0.287889,No,1003.5,4.51988,1004.25,1030.25,3.05,69.95,0.53879
2.6,No,2.8045,0.204498,2.5,-0.1,2.8,0.2,2.60588,0.00588384,No,1489.75,11.6884,1756.75,1421.5,16.25,49.95,0.915813
1.8,No,1.71894,-0.0810648,1.7,-0.1,1.7,-0.1,1.81967,0.0196667,No,1104.75,10.0501,1744.5,979.5,34.625,27.675,1.49914
1.9,No,1.88758,-0.0124183,2,0.1,1.9,-2.22045e-16,1.8856,-0.0144048,No,1057.5,11.0469,1625.25,831.75,33.75,25.85,1.3338
1.3,No,1.05308,-0.246923,1.175,-0.125,1.1,-0.2,0.883286,-0.416714,No,911.5,3.53823,1050,875.75,7.475,69.275,0.720143
4.4,No,4.33068,-0.0693185,4.45,0.05,4.3,-0.1,4.19305,-0.206952,No,1287.25,24.74,2319.25,1482,20.925,49.25,1.20492
5.3,No,5.12352,-0.17648,4.53333,-0.766667,5.6,0.3,5.23857,-0.0614286,No,1573.25,25.253,1746.5,2055.5,12.775,46.2,0.679414
3.9,No,2.88987,-1.01013,2.75,-1.15,3.3,-0.6,3.51261,-0.387389,No,1160.25,12.9876,1114,1363,7.65,40.625,0.427268
1.5,No,1.27085,-0.229154,1.75,0.25,1.4,-0.1,1.35074,-0.149262,No,961.5,5.42606,1161,870.25,15.475,51.725,0.903256
2.2,No,2.70693,0.506935,2.5,0.3,2.7,0.5,2.65176,0.451762,No,1293.5,12.9801,1687.25,1320.5,19.2,44.85,0.987539
1.7,No,1.69801,-0.00199178,1.875,0.175,1.7,0,1.76967,0.0696667,No,1135.75,9.72459,1800.75,926.75,32.275,43.575,2.07005
0.6,No,0.835558,0.235558,0.766667,0.166667,0.7,0.1,0.694345,0.0943452,No,1009.75,1.69666,1234.75,501.25,10.25,60.2,0.751657
1.6,No,1.65419,0.0541866,1.95,0.35,1.6,2.22045e-16,1.70886,0.108857,No,965.75,9.50795,1685.5,851.75,21.775,46.25,1.19128
2.2,No,1.96127,-0.238733,2.1,-0.1,2,-0.2,1.98021,-0.219786,No,1009,11.5461,1763,924.75,25.3,39.4,1.25237
4.4,No,3.83661,-0.563387,2.46667,-1.93333,4,-0.4,3.5365,-0.8635,No,1336.5,19.2204,1655.25,1547.5,14.3,66.075,1.07114
2.8,No,2.27649,-0.523513,2.5,-0.3,2.2,-0.6,2.07694,-0.723056,No,1315.5,9.89009,1672.5,1272.25,17.425,49.1,0.968768
0.2,No,1.20314,1.00314,0.7,0.5,0.2,8.32667e-17,1.14333,0.943333,No,918,4.33594,1013.75,639.25,9.4,53.625,0.633258
4.9,No,4.40816,-0.49184,3.7,-1.2,3.9,-1,4.06407,-0.835929,No,1387.75,22.6102,1721.75,1502.75,16.8,55.225,1.04799
2.3,No,2.20645,-0.0935547,1.53333,-0.766667,1.9,-0.4,1.86817,-0.431833,No,1176.25,9.7576,1196,1300.25,18.825,26.2,0.563734
2.7,No,2.31881,-0.381186,2.86667,0.166667,2.4,-0.3,2.3684,-0.331595,No,1075.75,12.8833,1787.25,1070.25,21.05,48.125,1.18636
0.9,No,0.729892,-0.170108,0.925,0.025,1,0.1,1.02453,0.124528,No,933,4.68772,1550.75,628.75,31.65,35.475,1.62688
1.5,No,1.72658,0.226577,1.825,0.325,1.7,0.2,1.76625,0.26625,No,1041.75,9.02975,1490.5,871.25,25.375,24.95,0.796575
1.1,No,0.969126,-0.130874,1.05,-0.05,1,-0.1,1.01433,-0.0856667,No,888,2.37185,791.25,418.75,7.85,38.85,0.414075
3.6,No,3.41916,-0.180837,3.2,-0.4,3.2,-0.4,3.49513,-0.104873,No,1124.25,20.4538,1845.25,1169.75,33.65,20.025,1.0275
4.0,No,3.16424,-0.835759,3.7,-0.3,3.6,-0.4,4.21873,0.21873,No,1428,13.0324,1268.25,2023,8.275,53.3,0.584349
2.5,No,2.38429,-0.115713,2.33333,-0.166667,2.6,0.1,2.53852,0.0385238,No,1041.5,11.4752,1093.5,1083.75,16.075,23.425,0.424798
1.5,No,1.45353,-0.0464669,1.55,0.05,1.5,0,1.46759,-0.0324127,No,1044.75,5.73841,1193.25,839.25,14.375,57.15,0.930885
1.3,No,1.54402,0.244018,1.4,0.1,1.5,0.2,1.6071,0.307095,No,1016.75,5.25238,946,970.5,6.025,46.125,0.435076
1.4,No,1.60292,0.20292,1.9,0.5,1.7,0.3,1.59767,0.197667,No,1095.5,8.0868,1560,856.5,23.8,60.225,1.75151
6.9,No,6.19783,-0.702165,6.35,-0.55,6.5,-0.4,6.67942,-0.220583,No,1647.5,32.6447,2176.75,1885,17.7,68.325,1.37132
3.7,No,3.57704,-0.12296,2.95,-0.75,3.1,-0.6,3.40833,-0.291667,No,1257.75,19.1323,1804,1324.5,19.35,70.775,1.5728
0.4,No,0.355192,-0.0448083,0.4,0,0.4,0,0.366667,-0.0333333,No,802.5,0.695452,1033.5,448.75,14.8,65.525,1.09646
2.6,No,2.47989,-0.120108,2.225,-0.375,2.5,-0.1,2.53839,-0.0616071,No,1129.25,14.6261,1951.5,1219.75,27.65,49.875,1.81894
0.9,No,1.02915,0.12915,0.966667,0.0666667,0.9,0,0.990262,0.0902619,No,1041.75,3.75971,1410,964.75,15.05,57.625,0.979645
0.2,No,0.24981,0.0498102,0.5,0.3,0.5,0.3,0.43,0.23,No,854,1.60071,1417.5,395.75,25.475,61.75,1.98313
3.8,No,3.78617,-0.0138291,3.73333,-0.0666667,3.8,0,3.66025,-0.13975,No,1436.75,16.7274,1509.75,1459.25,5.625,80.4,0.738181
0.8,No,0.914665,0.114665,0.65,-0.15,0.8,0,0.733333,-0.0666667,No,876.25,1.88908,815.25,899.5,1.05,56.725,0.380342
3.4,No,3.07861,-0.321392,2.76667,-0.633333,3.1,-0.3,3.05408,-0.345917,No,1371.25,13.6361,1428.5,1580.5,13.325,63.55,0.968104
5.5,No,5.78493,0.284928,5.95,0.45,5.6,0.1,5.35121,-0.148786,No,1553.25,31.0154,2422.75,1779,14.45,59.85,0.979518
1.0,No,0.991094,-0.00890554,0.125,-0.875,1,0,0.589667,-0.410333,No,840,2.95206,869.25,798.75,3.25,53.525,0.417988
2.0,No,1.45801,-0.541995,1.4,-0.6,1.5,-0.5,1.52083,-0.479167,No,987,5.61258,1106.25,970.75,8.475,65,0.722128
1.1,No,0.867387,-0.232613,1.1,0,0.9,-0.2,0.845357,-0.254643,No,893.75,3.98239,1200.25,611.25,22.3,22.4,0.595514
0.5,No,0.489232,-0.0107681,0.4,-0.1,0.5,0,0.554964,0.0549643,No,867,2.88493,1385.25,656,25.675,43.8,1.42331
1.6,No,1.71384,0.113843,1.16667,-0.433333,1.6,-2.22045e-16,1.64867,0.0486667,No,1122,6.65229,1438,974.25,8.5,66.275,0.737512
3.4,No,3.5115,0.111498,3.46667,0.0666667,3.5,0.1,3.67161,0.271607,No,1237.5,16.7274,1381.5,1428.5,7.3,61.375,0.630612
1.7,No,1.58279,-0.117209,1.36667,-0.333333,1.6,-0.1,1.55492,-0.145083,No,1066.25,9.01697,1743.5,977.75,26.6,56.4,1.93489
1.8,No,1.76141,-0.0385939,1.85,0.05,1.7,-0.1,1.67021,-0.129786,No,1038.75,10.3666,1819.5,1087.75,24.125,63.5,1.88281
2.2,No,2.43221,0.23221,2.475,0.275,2.3,0.1,2.36617,0.166167,No,1232,12.3526,1707,1091.5,26.075,29.975,0.997211
1.0,No,1.07672,0.0767159,0.25,-0.75,0.7,-0.3,0.708667,-0.291333,No,867.75,3.21476,865.25,799.5,3.225,55.725,0.434421
0.9,No,0.865916,-0.0340839,0.633333,-0.266667,0.8,-0.1,0.883667,-0.0163333,No,972,2.78741,1256.25,677.75,14.825,40.775,0.68339
3.4,No,2.78998,-0.610023,2.5,-0.9,2.9,-0.5,2.76645,-0.633548,No,1272,15.6941,1957,1347,32.8,33.375,1.63297
1.4,No,1.56294,0.162941,1.725,0.325,1.7,0.3,1.7055,0.3055,No,1016.75,8.22142,1353.5,879.75,27.15,31.025,1.09906
2.4,No,2.15512,-0.244881,1.9,-0.5,2.3,-0.1,2.27454,-0.125456,No,1018,11.2778,1400.25,1168.75,18.125,39.95,0.823223
1.2,No,1.94979,0.749787,2.1,0.9,1.9,0.7,2.16336,0.963357,No,1153.25,9.18369,1642.5,1075.75,17.175,52.9,1.02763
0.9,No,0.764635,-0.135365,0.9,0,0.9,0,0.9435,0.0435,No,781,3.89713,1067.75,513.75,20.225,28.65,0.671695
2.2,No,2.0503,-0.149698,2.05,-0.15,2.1,-0.1,2.05167,-0.148333,No,1153.75,7.79638,1196.5,1079,6.45,74.675,0.724807
5.5,No,3.18691,-2.31309,3.7,-1.8,3.4,-2.1,3.37397,-2.12603,No,1431.25,13.4765,1385.25,1913,9.525,66.2,0.788208
0.8,No,0.792559,-0.00744111,0.675,-0.125,0.8,0,0.74625,-0.05375,No,831,2.23973,824,526.75,11.1,33.35,0.440133
2.9,No,2.52454,-0.375465,2.675,-0.225,2.5,-0.4,2.52908,-0.370917,No,1092.25,13.7965,1640.75,1105.25,21.325,54.825,1.37425
0.4,No,0.536408,0.136408,0.5,0.1,0.6,0.2,0.438214,0.0382143,No,792,2.20808,1234.75,564.25,13.475,50.1,0.770567
2.5,No,2.24462,-0.255375,2.66667,0.166667,2.5,0,2.51006,0.0100556,No,1139.75,9.47531,1175,1199.5,10.25,45.375,0.566552
2.2,No,2.22406,0.0240589,2.375,0.175,2.2,0,2.12952,-0.0704762,No,1132,12.0547,1608.75,944.25,28.525,37.25,1.42906
1.2,No,1.07093,-0.129071,1.3,0.1,1.1,-0.1,1.08476,-0.115238,No,898.75,3.35177,892.5,691.25,8.45,40.95,0.454188
1.4,No,3.80853,2.40853,4.2,2.8,3.7,2.3,3.34896,1.94896,No,1442.75,16.9024,1430.75,1673.25,6.875,76.925,0.768237
1.6,No,1.9876,0.387601,1.9,0.3,2.1,0.5,2.17121,0.571214,No,1101,9.8569,1551.75,1001.25,20.15,34.35,0.801653
0.6,No,1.0234,0.4234,0.4,-0.2,0.9,0.3,0.715826,0.115826,No,906.75,2.86531,902,731.5,6.575,47.875,0.468599
3.0,No,2.84174,-0.158262,2.93333,-0.0666667,2.7,-0.3,2.54445,-0.455548,No,1281.25,12.0836,1192,1438,10.875,39.725,0.51665
1.2,No,1.59084,0.390838,1.6,0.4,1.6,0.4,1.35817,0.158171,No,1142.5,6.12844,1315.75,1121.5,14,68.65,1.09185
3.9,No,3.12359,-0.776405,3.2,-0.7,3.2,-0.7,3.16608,-0.733917,No,1171.75,15.3159,1460.75,1242.75,10.25,71.1,0.887755
2.0,No,2.06983,0.0698346,1.9,-0.1,2,0,2.0805,0.0805,No,1099.75,10.5708,1360.5,1145.25,25.375,30.45,0.972173
1.2,No,0.864453,-0.335547,1.025,-0.175,1.1,-0.1,1.07508,-0.124917,No,952.75,5.77005,1572.5,656.5,35.75,29,1.67163
3.9,No,4.09173,0.191729,4.15,0.25,3.6,-0.3,4.05114,0.151143,No,1382.5,21.2943,1854.75,1415,19.075,72,1.57321
2.5,No,2.39616,-0.103843,2.26667,-0.233333,2.2,-0.3,2.15275,-0.34725,No,1287.5,9.41668,1272.25,1553,9.05,70.825,0.817313
2.7,No,2.62568,-0.0743194,3.2,0.5,3.1,0.4,3.09024,0.390238,No,1175,12.7868,1479.75,1279,15.275,63.05,1.08722
1.7,No,1.4248,-0.275197,1.55,-0.15,1.6,-0.1,1.64238,-0.057619,No,1004.5,8.2583,1670.25,751.25,28.425,34.45,1.31404
1.4,No,1.51656,0.116561,1.375,-0.025,1.6,0.2,1.54389,0.143893,No,1058.75,5.27777,969.25,774.25,13.525,29.075,0.448622
3.1,No,2.88535,-0.214649,2.3,-0.8,3.2,0.1,2.78524,-0.314762,No,1328.75,13.1822,1401.25,1473,19.125,36.7,0.804371
1.3,No,1.1832,-0.1168,1.33333,0.0333333,1.1,-0.2,1.32217,0.0221667,No,1079.25,4.29861,1275.25,1009.5,16.525,63.775,1.18961
2.9,No,2.99807,0.0980736,2.95,0.05,3.2,0.3,3.19008,0.290083,No,1220.5,17.6609,1904.5,1156.75,39.125,19.55,1.35419
3.8,No,4.00379,0.203791,3.55,-0.25,3.7,-0.1,3.69496,-0.105036,No,1466.25,20.4448,1897,1491.25,25.825,23.15,0.758937
8.7,No,7.09945,-1.60055,8.6,-0.1,8.5,-0.2,7.60753,-1.09247,No,1703.5,36.1362,1820.25,2480.25,7.1,50.3,0.509958
2.0,No,2.13028,0.130282,2.5,0.5,2.3,0.3,2.40967,0.409667,No,1123.5,8.98506,1125.75,1317.25,11.225,45.125,0.600389
4.4,No,4.48894,0.0889389,5.25,0.85,4.6,0.2,4.61944,0.21944,No,1554,23.0563,2151.25,1692.75,21.65,43.975,1.12417
1.3,No,1.0773,-0.222704,1.05,-0.25,1.1,-0.2,1.02733,-0.272667,No,983.5,3.93293,1359,493.75,12.425,64.05,0.920948
2.3,No,2.08186,-0.218138,1.9,-0.4,2,-0.3,2.19012,-0.109881,No,1068.75,8.58086,1036.25,875,10.125,33.225,0.411469
0.4,No,0.999215,0.599215,1.3,0.9,1.1,0.7,1.06143,0.661429,No,877.75,5.41064,1406.75,609.75,21.375,36.875,0.927114
3.3,No,2.55982,-0.740184,2.53333,-0.766667,2.5,-0.8,2.48467,-0.815333,No,1147.75,13.6056,1712.75,1301,20.975,37.95,0.931284
1.7,No,1.66068,-0.0393247,1.8,0.1,1.6,-0.1,1.7941,0.0940952,No,1128.75,7.42798,1523.75,759.25,20.6,36.675,0.879714
1.4,No,1.46769,0.06769,1.63333,0.233333,1.5,0.1,1.42291,0.0229091,No,958.25,5.81766,1172.25,738.25,7.125,77.925,0.791352
3.3,No,1.54228,-1.75772,1.4,-1.9,1.6,-1.7,1.56569,-1.73431,No,1015.5,5.3236,1004,1059.75,4.625,64.4,0.552509
0.8,No,0.640551,-0.159449,0.575,-0.225,0.7,-0.1,0.654524,-0.145476,No,914.75,3.63307,1570,742.75,22.9,57.7,1.59025
2.0,No,1.75127,-0.248735,2.5,0.5,2.1,0.1,2.01343,0.0134286,No,921.5,6.66913,857.75,675.5,2.075,36.575,0.263368
1.2,No,1.05878,-0.141224,1,-0.2,0.8,-0.4,0.91375,-0.28625,No,918.75,5.71735,1409,881.25,22.2,43.125,1.13962
3.1,No,3.04499,-0.0550065,3.425,0.325,3.2,0.1,3.15908,0.0590833,No,1139.25,18.0112,1940.25,1128.75,31.1,26.2,1.16468
3.6,No,3.8596,0.259601,3.8,0.2,3.5,-0.1,3.6565,0.0565,No,1419,20.1199,1923.25,1262.75,27.65,25.725,0.938189
0.6,No,0.699952,0.0999524,0.85,0.25,0.7,0.1,0.658929,0.0589286,No,894.5,2.6799,1346.75,684.25,14.15,56.925,0.914051
3.5,No,4.21594,0.715938,4.95,1.45,4.1,0.6,3.98274,0.482738,No,1356.75,21.5622,1582.75,1639,17.45,53.275,1.05278
3.9,No,3.77205,-0.127949,4.2,0.3,3.8,-0.1,4.09633,0.196333,No,1428.5,18.3817,1754.25,1548.25,18.25,26.625,0.552903
1.6,No,4.07456,2.47456,4.85,3.25,4,2.4,4.40506,2.80506,No,1496.25,18.4943,1472,1881.25,9.225,67.675,0.790021
1.4,No,2.23058,0.830584,1.96667,0.566667,2.1,0.7,2.1234,0.723405,No,1324.5,8.53713,1344.5,1296.5,14.175,57.775,0.929176
3.7,No,3.95068,0.250679,3.45,-0.25,3.6,-0.1,3.42583,-0.274167,No,1427.25,20.5082,1900.25,1593.75,22.25,59.25,1.57046
1.4,No,1.45017,0.0501719,1.1,-0.3,1.3,-0.1,1.34989,-0.0501071,No,1027,4.76045,936.25,1170.5,6.85,44.85,0.44716
2.8,No,2.90883,0.108832,3.6,0.8,3.3,0.5,3.38625,0.58625,No,1242.75,13.72,1539,1201,12.325,79.05,1.12933
1.4,No,1.31481,-0.0851886,1.8,0.4,1.5,0.1,1.78783,0.387833,No,1052,5.05114,1301.75,796,13.8,80.375,1.26214
2.1,No,2.62579,0.525789,3.7,1.6,2.8,0.7,2.6975,0.5975,No,1044.5,13.0997,1269.75,1144.25,12.575,42.425,0.615929
1.6,No,1.52785,-0.0721541,1.4,-0.2,1.4,-0.2,1.53733,-0.0626667,No,1036.5,7.95919,1539,836,22.225,64.95,1.71895
9.2,No,8.68721,-0.512795,11.7,2.5,8.4,-0.8,9.45904,0.259036,No,1778,48.2188,2643,1927.25,20.95,67.5,1.65392
0.9,No,0.643271,-0.256729,0.9,0,0.9,0,0.860976,-0.0390238,No,819.25,3.0399,1103.75,506.75,21.6,33.425,0.85189
1.3,No,1.28396,-0.0160354,1.33333,0.0333333,1.1,-0.2,1.20483,-0.0951667,No,1086,4.85817,1308,893.5,16.4,67.275,1.24511
1.6,No,1.73225,0.132246,1.96667,0.366667,1.9,0.3,1.82867,0.228667,No,1044,8.0077,1470.75,919.25,13.8,47.35,0.743541
6.2,No,6.99083,0.790827,6.9,0.7,6.8,0.6,6.85222,0.652222,No,1600.75,37.8971,2251.75,1718.25,16.5,69.25,1.28971
2.3,No,2.6121,0.312096,2.85,0.55,2.7,0.4,2.58846,0.288464,No,1172.75,14.4226,1885,1401,23.225,43.925,1.23438
2.3,No,2.27533,-0.0246681,2.5,0.2,2.1,-0.2,1.97229,-0.327714,No,1285.75,9.05533,1362,1103.25,13.525,67.125,1.03573
1.1,No,0.919909,-0.180091,1.23333,0.133333,1.1,0,1.07395,-0.0260476,No,967.75,5.62302,1687.75,653.75,27.2,59.275,2.10595
2.7,No,2.16976,-0.530244,1.83333,-0.866667,2.2,-0.5,2.15452,-0.545476,No,1072.25,12.2142,1819.5,885.25,24.175,39.225,1.1665
3.3,No,3.22833,-0.0716684,3.05,-0.25,3.1,-0.2,3.24231,-0.0576905,No,1265.5,17.7205,1767.75,1265.25,30.125,35.15,1.4782
2.0,No,1.85475,-0.145251,1.85,-0.15,1.8,-0.2,1.75267,-0.247333,No,1078.75,10.2719,1694,899.25,26.175,47.75,1.59789
2.1,No,2.00864,-0.0913594,2.2,0.1,2.1,0,2.21533,0.115333,No,1036.75,11.8961,1762.75,1003.5,28.825,29.075,1.13489
4.6,No,5.52344,0.923441,5.26667,0.666667,5.1,0.5,5.3525,0.7525,No,1532.75,29.9312,2233.25,1570.75,24.45,31.575,0.954452
0.3,No,0.448096,0.148096,0.35,0.05,0.4,0.1,0.449929,0.149929,No,847.75,1.83043,1297.25,623.75,18.7,44.275,0.945335
4.5,No,4.27864,-0.221359,4.95,0.45,4.2,-0.3,3.95694,-0.543056,No,1392,21.0369,1631,1464.75,11.15,80.725,1.06883
2.5,No,2.28236,-0.217643,2.4,-0.1,2.4,-0.1,2.40258,-0.0974167,No,1192.25,10.7974,1604,1223.25,16.775,44.025,0.834144
0.5,No,0.509866,0.00986648,0.7,0.2,0.6,0.1,0.595222,0.0952222,No,816.5,3.3225,1500.5,750.75,20.825,54.4,1.32286
4.2,No,4.18183,-0.0181688,3.525,-0.675,4.1,-0.1,4.22667,0.0266667,No,1510.25,19.7883,1949,1434.5,9.5,69.6,0.827329
0.7,No,0.764805,0.0648048,0.625,-0.075,0.5,-0.2,0.554917,-0.145083,No,859,1.29362,810.25,341.75,6.775,52.875,0.524528
2.2,No,2.03089,-0.16911,1.9,-0.3,1.9,-0.3,2.09825,-0.10175,No,1071.75,12.0186,1747.75,836,33.6,24.375,1.24721
2.5,No,2.73175,0.23175,2.76667,0.266667,2.8,0.3,2.68519,0.18519,No,1274.25,13.3177,1682.25,1230.5,20.5,35.925,0.856494
1.0,No,1.10283,0.102834,1.23333,0.233333,1.1,0.1,0.98,-0.02,No,956.75,2.81846,940.25,784,4.25,77,0.643939
5.3,No,5.00063,-0.29937,5.55,0.25,5,-0.3,4.87089,-0.429106,No,1575.5,26.1313,2023.5,1636.75,25.2,45.775,1.44645
0.6,No,0.741318,0.141318,0.55,-0.05,0.7,0.1,0.631,0.031,No,821,5.04449,1323.33,456.667,33.1333,16.8333,0.839147
2.1,No,2.15325,0.0532451,2.4,0.3,2.4,0.3,2.37367,0.273667,No,1174.25,9.05533,1296.25,1261.75,11.175,70.3,0.93231
0.6,No,0.387027,-0.212973,0.5,-0.1,0.5,-0.1,0.420833,-0.179167,No,854,1.70607,1224.25,400,24.35,42.95,1.29062
1.7,No,1.94687,0.246866,2.025,0.325,1.8,0.1,1.835,0.135,No,1149,8.43133,1292.5,772.5,19.875,34.075,0.781984
1.4,No,2.21879,0.818793,2.26667,0.866667,2.2,0.8,2.35583,0.955833,No,1017.75,13.1222,1677,794.5,30.3,22.825,0.969518
2.0,No,1.8671,-0.1329,1.9,-0.1,2,0,1.95239,-0.0476071,No,984,10.5366,1523.25,862.25,25.9,23.6,0.777105
0.7,No,0.464083,-0.235917,0.8,0.1,0.5,-0.2,0.55,-0.15,No,907.5,2.68752,1494,500.25,27.025,47.375,1.66609
0.7,No,0.610692,-0.0893076,0.8,0.1,0.6,-0.1,0.546905,-0.153095,No,841.25,3.99592,1366.75,684.5,27.8,35.25,1.2968
3.3,No,3.20132,-0.0986825,3.3,0,3.1,-0.2,3.09625,-0.20375,No,1361.25,14.634,1525.5,1471.25,13.225,69.05,1.04518
1.2,No,1.21052,0.0105219,1.975,0.775,1.3,0.1,1.06864,-0.131357,No,1018,3.67653,936.5,683,13.8,32.375,0.508387
3.6,No,3.52304,-0.0769569,2.75,-0.85,3.6,0,3.88483,0.284833,No,1347.25,17.8998,1984.25,1328.25,16.025,59.25,1.07109
0.9,No,3.08288,2.18288,3.6,2.7,2.9,2,2.49952,1.59952,No,1325.75,13.1072,1332.5,1397.5,6.725,78.675,0.777856
1.1,No,1.08183,-0.0181671,0.85,-0.25,1.2,0.1,1.0311,-0.0689048,No,1040.5,3.11259,1187.75,791.75,10.55,82.075,1.04507
1.3,No,2.37001,1.07001,2.2,0.9,2.3,1,2.15298,0.852976,No,1071,13.7888,1733.25,846.75,30.5,26.25,1.12778
2.9,No,2.85504,-0.0449601,2.475,-0.425,2.5,-0.4,2.53962,-0.360381,No,1166,16.2154,1500.25,1179.5,38.425,13.825,0.922125
2.1,No,2.18659,0.0865891,1.96667,-0.133333,1.7,-0.4,1.9314,-0.168595,No,1077,12.1778,1405.5,935.25,33.6,19.6,1.00289
1.6,No,1.64151,0.0415141,1.65,0.05,1.6,0,1.39717,-0.202833,No,977,9.41668,1581,1114.25,23.65,39.225,1.13062
4.5,No,3.79209,-0.707913,3.95,-0.55,3.5,-1,3.74595,-0.754048,No,1487,19.2027,2132.75,1470.75,21.025,54.25,1.33533
1.7,No,1.60277,-0.0972262,1.43333,-0.266667,1.7,0,1.79392,0.0939167,No,1031.75,6.78752,1265.5,971.75,11.425,81.075,1.0928
0.5,No,0.539412,0.0394121,0.55,0.05,0.6,0.1,0.646857,0.146857,No,827,1.68727,1086.75,564.5,13.9,63.775,1.00787
3.9,No,3.78241,-0.117589,4.025,0.125,3.9,0,3.97223,0.0722273,No,1416.75,18.2348,1921,1403,10.85,63.975,0.830684
0.4,No,0.619953,0.219953,0.5,0.1,0.5,0.1,0.546667,0.146667,No,887,1.08637,973.5,548.75,11.325,58.9,0.788769
6.3,No,6.36607,0.0660661,6.325,0.025,6.3,0,6.24178,-0.0582222,No,1650,34.3094,2344.5,1779,23.075,35.35,0.98453
0.3,No,1.45922,1.15922,0.25,-0.05,0.9,0.6,0.859095,0.559095,No,1128,4.53893,1112.75,1063.75,10.175,57.875,0.719091
3.5,No,4.04274,0.542744,3.8,0.3,3.8,0.3,3.77476,0.274762,No,1355,21.3311,1690.75,1604.5,25,28.9,0.902496
0.2,No,0.612095,0.412095,0.2,-2.77556e-17,0.2,0,0.282667,0.0826667,No,730.75,0.274336,560.5,224.75,-0.25,38.35,0.234715
0.6,No,0.342722,-0.257278,0.7,0.1,0.6,0,0.635714,0.0357143,No,809.75,3.19011,1312.25,478,37.25,20.55,1.28597
1.0,No,1.08748,0.087478,1.2,0.2,1.1,0.1,0.9955,-0.0045,No,984.75,3.82151,1187.25,834.75,11.85,77.525,1.0741
2.2,No,1.03302,-1.16698,1.775,-0.425,1.3,-0.9,1.4098,-0.790202,No,838,3.79497,943.75,545.5,9.375,44.925,0.529648
2.5,No,2.4671,-0.0329044,2.65,0.15,2.5,0,2.70631,0.20631,No,1148.5,14.4851,1935.5,1233,30.2,37.575,1.58696
3.0,No,2.73015,-0.269851,2.7,-0.3,2.9,-0.1,2.88918,-0.110821,No,1167,14.5477,1920.25,1082.75,17.425,61.125,1.20603
2.3,No,2.53092,0.230915,2.1,-0.2,2.1,-0.2,2.22242,-0.0775833,No,1186,15.0685,1686,1234.75,44.6,12.625,1.16841
4.1,No,4.60413,0.504127,4.3,0.2,4.1,0,4.42425,0.32425,No,1500.25,23.6023,2163,1495,15.5,62.175,1.08745
0.9,No,0.486948,-0.413052,0.65,-0.25,0.7,-0.2,0.829333,-0.0706667,No,863.5,2.97989,1193,442.5,34.5,19.275,1.03691
3.5,No,2.78943,-0.710569,2.625,-0.875,2.8,-0.7,3.11151,-0.388492,No,1097,14.8624,1517.25,1274.25,19.125,36.8,0.806562
1.3,No,1.37479,0.0747897,1.2,-0.1,1.3,0,1.37513,0.075127,No,1031.75,4.46767,1064,972.5,7.075,73.5,0.743923
0.7,No,0.574083,-0.125917,0.7,0,0.7,0,0.754,0.054,No,837.5,4.27535,1382.25,440.25,34.975,22.4,1.23714
1.9,No,1.30716,-0.592844,1.1,-0.8,1.3,-0.6,1.6425,-0.2575,No,999,5.59693,1241.5,897.5,16.1,59.525,1.08114
2.8,No,2.5629,-0.237101,2.5,-0.3,2.5,-0.3,2.56364,-0.236357,No,1179.5,14.1351,1816.25,947.25,27.7,43.525,1.59197
2.6,No,2.10128,-0.498723,2.5,-0.1,2.2,-0.4,2.27893,-0.321071,No,1005.75,10.2584,1246.75,963.5,14.5,45.425,0.745798
1.7,No,1.97471,0.274707,1.45,-0.25,2,0.3,2.059,0.359,No,1204.75,8.63095,1546.5,1314.25,15.525,52.925,0.927128
1.4,No,1.12609,-0.273914,1.3,-0.1,1.1,-0.3,1.26976,-0.130238,No,939,4.27535,955.25,507.5,18.925,26.175,0.566674
0.7,No,0.591168,-0.108832,0.65,-0.05,0.6,-0.1,0.512762,-0.187238,No,797.75,2.48503,1138.25,500.25,15.725,51.05,0.905617
1.7,No,1.82821,0.128206,1.73333,0.0333333,1.9,0.2,1.816,0.116,No,1111,7.64097,1280,1024.5,13.1,66.15,0.993295
1.5,No,1.48814,-0.0118573,1.125,-0.375,1.5,0,1.35455,-0.145452,No,1010.5,8.76934,1722.75,1008.75,25.075,59.925,1.87966
2.1,No,2.05342,-0.046576,2.325,0.225,2.1,0,2.1653,0.0652976,No,1098,9.81712,1527.25,965.75,15.85,40.5,0.724133
0.5,No,0.20045,-0.29955,0.325,-0.175,0.3,-0.2,0.321389,-0.178611,No,753.5,1.38425,1335.25,435,20.725,48.325,1.16801
2.0,No,2.07731,0.0773122,1.9,-0.1,2,0,2.04867,0.0486667,No,1084.25,12.0547,1677,881.5,33.425,24.7,1.25155
3.7,No,3.46611,-0.233891,3.63333,-0.0666667,3.5,-0.2,3.63779,-0.0622143,No,1321.25,17.4572,1617,1423.75,20.25,46.725,1.09713
8.7,No,8.67158,-0.0284221,11.7,3,9.5,0.8,9.46375,0.76375,No,1882,47.4771,2609,2203.75,23.125,61.15,1.70819
1.0,No,1.45528,0.455281,0.8,-0.2,1.2,0.2,1.11121,0.111214,No,1104.25,4.03211,1000.75,1433.25,2.925,67.875,0.518326
1.6,No,1.66902,0.0690154,2.65,1.05,1.6,-2.22045e-16,1.70683,0.106833,No,1107.75,6.78752,1420.75,1003,11.85,50.825,0.704175
4.2,No,3.67002,-0.52998,3.95,-0.25,3.7,-0.5,3.76583,-0.434167,No,1297.75,17.2293,1408.5,1444.25,7.6,53.475,0.560546
3.1,No,2.83427,-0.265729,3.075,-0.025,2.7,-0.4,2.7932,-0.306798,No,1296.75,11.8458,1184.75,1559,9.725,39.725,0.479238
1.5,No,1.67677,0.176775,1.33333,-0.166667,1.5,0,1.24473,-0.255273,No,1204.5,6.34128,1343.75,1169.5,15.3,73.275,1.26553
1.3,No,0.879013,-0.420987,1,-0.3,1,-0.3,0.98119,-0.31881,No,924.75,3.29335,1172.5,663,15.45,63.775,1.11193
2.6,No,2.62247,0.0224709,2.76667,0.166667,2.6,0,2.5276,-0.0724048,No,1268.75,12.7868,1705.5,1249.75,20.65,38.025,0.914876
1.3,No,1.24346,-0.0565419,1,-0.3,1.2,-0.1,1.27252,-0.0274802,No,889.5,4.27535,778.5,522.75,10.175,25.6,0.318077
0.9,No,1.08744,0.187441,0.8,-0.1,0.8,-0.1,0.713667,-0.186333,No,931.5,2.84185,871.25,1014.25,3.25,56.075,0.437902
1.5,No,1.43943,-0.060568,1.6,0.1,1.5,0,1.54433,0.0443333,No,1016,6.59629,1447.5,789.5,16.575,44.325,0.829392
1.0,No,1.04566,0.0456553,1.5,0.5,1,0,1.17025,0.17025,No,884,3.09637,813,580.5,8.725,31.175,0.352119
3.5,No,3.75579,0.255789,3.95,0.45,3.5,0,3.6765,0.1765,No,1312.5,19.5923,1802.5,1373,17.75,75.625,1.52255
2.8,No,2.94382,0.143816,3.13333,0.333333,2.9,0.1,2.90342,0.103417,No,1309.5,13.4538,1480.75,1444.75,13.85,62.6,0.986152
1.0,No,0.844076,-0.155924,0.833333,-0.166667,0.8,-0.2,0.902667,-0.0973333,No,844.5,1.79498,709,396.75,7.925,25.9,0.27743
1.9,No,1.77155,-0.128453,1.46667,-0.433333,1.8,-0.1,1.62775,-0.27225,No,1091,7.58748,1288.25,931,14.95,55.275,0.933769
1.1,No,0.817086,-0.282914,1.175,0.075,1,-0.1,1.00883,-0.0911667,No,941.5,5.74368,1567.25,581,38.1,26.325,1.72524
1.4,No,1.40684,0.00683937,0.833333,-0.566667,1.4,0,1.68368,0.283679,No,1066.25,5.79648,1282.25,1090.25,15.975,61.875,1.11504
0.9,No,1.26207,0.362073,1.1,0.2,1.1,0.2,1.13374,0.233738,No,1011.25,7.17116,1531.75,1230.75,28.375,32.5,1.23608
1.0,No,0.876329,-0.123671,0.8,-0.2,0.9,-0.1,0.788833,-0.211167,No,850,2.63437,846.5,596.75,10.65,34.375,0.440564
3.7,No,3.9059,0.205901,3.56667,-0.133333,3.7,0,3.87376,0.173762,No,1526.75,19.8777,1907,1469,28.7,45.075,1.7468
2.0,No,2.126,0.125996,1.43333,-0.566667,2.1,0.1,2.12992,0.129917,No,1058.5,11.9321,1548.75,840.75,29.55,28.575,1.16281
2.6,No,2.8014,0.2014,2.225,-0.375,2.6,0,2.67,0.07,No,1263.25,14.8229,1735.5,1310,26.55,49.325,1.68723
7.9,No,7.97966,0.0796603,7.75,-0.15,8,0.1,7.74975,-0.15025,No,1751,44.0561,2496.25,2012.5,23.05,62.15,1.72835
0.9,No,1.31893,0.418926,0.8,-0.1,1.1,0.2,1.15952,0.259524,No,979,3.92845,958.75,1048,2.025,64.9,0.465712
2.8,No,2.92895,0.128953,2.8,0,2.9,0.1,2.69148,-0.108524,No,1245,16.7441,2039.25,1621.5,28.45,40.425,1.54417
2.1,No,1.91218,-0.187821,1.93333,-0.166667,1.8,-0.3,1.99167,-0.108333,No,1085,7.57562,985.25,1432.5,9.5,34.575,0.41099
6.9,No,6.83533,-0.0646742,6.6,-0.3,6.6,-0.3,7.68469,0.784694,No,1633,35.5839,1879.5,2188,11.7,60.75,0.833557
2.2,No,2.45637,0.256373,1.75,-0.45,2.4,0.2,2.2955,0.0955,No,1170.75,13.1372,1889.25,1132.25,20.2,65.15,1.5251
2.4,No,2.23997,-0.16003,1.9,-0.5,2.2,-0.2,2.22498,-0.175024,No,1239.75,10.9773,1643,1143.5,22.95,64.575,1.78506
0.5,No,0.362411,-0.137589,0.15,-0.35,0.4,-0.1,0.33625,-0.16375,No,757.75,1.51013,1252,396,14.6,53.3,0.880662
0.7,No,0.415747,-0.284253,0.7,-1.11022e-16,0.6,-0.1,0.595698,-0.104302,No,810,3.36435,1530,793,24.45,58.6,1.77137
1.1,No,1.09544,-0.00456196,0.95,-0.15,1,-0.1,0.941905,-0.158095,No,1023.25,2.54804,976.25,571,9.125,56.175,0.651467
1.2,No,1.05268,-0.147317,1.2,0,1.1,-0.1,1.17533,-0.0246667,No,978.75,6.13928,1589.5,731.5,28.2,45.875,1.72722
1.7,No,1.70182,0.0018233,1.45,-0.25,1.8,0.1,1.923,0.223,No,977,10.5503,1553.5,742.75,36.225,18.125,1.07239
1.8,No,2.01738,0.21738,1.25,-0.55,2,0.2,1.85717,0.0571667,No,1010.25,9.01058,960,1027,14.525,17.975,0.295586
2.4,No,2.15268,-0.247321,2.46667,0.0666667,2.4,0,2.16242,-0.237583,No,1119.75,11.8745,1562.75,975.25,31.8,27.4,1.26725
1.1,No,0.928967,-0.171033,0.85,-0.25,1.1,0,1.00333,-0.0966667,No,925.25,3.45294,1217.25,481,15.525,36.75,0.643778
1.5,No,1.2432,-0.256796,1.525,0.025,1.2,-0.3,1.27476,-0.225238,No,962.75,7.3517,1617,802.5,25.65,54.075,1.75462
0.7,No,0.688645,-0.011355,0.675,-0.025,0.7,-1.11022e-16,0.664333,-0.0356667,No,891.25,3.9419,1382.25,823,24.775,48.975,1.50919
0.7,No,0.762304,0.0623037,0.9,0.2,0.7,0,0.785595,0.0855952,No,900,2.72576,1307,835.75,11.075,63.225,0.833051
1.4,No,1.21731,-0.182686,0.833333,-0.566667,1.4,0,1.15471,-0.245286,No,1001.5,4.80432,1259.75,469.75,18.05,27.275,0.559434
1.3,No,1.25352,-0.0464793,1.525,0.225,1.3,0,1.2784,-0.0216017,No,953.25,7.02122,1544.25,779.5,22.75,58.55,1.59923
0.3,No,0.526492,0.226492,0.3,0,0.5,0.2,0.459857,0.159857,No,802.75,2.73727,1272.25,537,20.2,37.75,0.883694
1.7,No,1.77563,0.0756316,1.8,0.1,1.8,0.1,1.73717,0.0371667,No,1102,6.36328,1015,1273.75,7.275,52.825,0.541857
1.3,No,1.1291,-0.170896,1.05,-0.25,1.3,0,1.30476,0.0047619,No,965.75,4.48189,1363.25,580.75,12.6,58.65,0.852855
2.2,No,1.89888,-0.301117,1.8,-0.4,2,-0.2,2.015,-0.185,No,1103.5,10.4141,1539.25,1081,31,29.15,1.28849
2.1,No,1.89931,-0.200691,1.63333,-0.466667,1.7,-0.4,1.75006,-0.349937,No,1075.5,9.837,1505.75,1192,20.975,57.45,1.40981
4.2,No,3.91115,-0.288849,4.025,-0.175,3.9,-0.3,3.77908,-0.420917,No,1435.25,19.0795,1885.25,1568.75,13,54.225,0.809028
6.1,No,6.38488,0.284881,7.5,1.4,6.6,0.5,5.85121,-0.248786,No,1917,32.1488,2447,1843.25,22.55,35.375,0.9547
1.8,No,1.47311,-0.326889,1.8,-2.22045e-16,1.5,-0.3,1.42725,-0.37275,No,1093.25,5.50862,1329,787.5,13.425,43.2,0.66232
1.2,No,1.157,-0.0430048,1.4,0.2,1.3,0.1,1.22833,0.0283333,No,894.75,6.75361,1370.75,787.25,26.55,30.575,1.04586
1.6,No,1.3059,-0.294097,1.6,0,1.5,-0.1,1.42874,-0.171262,No,903.5,7.58155,1548.75,744.25,22.5,37.75,1.01574
2.2,No,2.34383,0.143834,1.63333,-0.566667,2,-0.2,1.68181,-0.51819,No,1070.75,11.9321,1128.5,816,28.5,13.125,0.502804
2.0,No,3.20089,1.20089,2.96667,0.966667,2.9,0.9,3.38271,1.38271,No,1210,16.2647,1575,1129,16.225,70.125,1.2837
1.5,No,1.43779,-0.0622063,1.35,-0.15,1.6,0.1,1.64667,0.146667,No,1067.75,8.42512,1727.5,915.75,30.85,45.025,1.97331
4.0,No,3.08945,-0.910555,3.55,-0.45,2.9,-1.1,3.07042,-0.929583,No,1346.25,14.2359,1490,1598.25,15.25,52.625,0.90602
1.6,No,1.35102,-0.248975,1.55,-0.05,1.6,0,1.63333,0.0333333,No,1089.25,7.85651,1608.75,790.75,38.85,21.4,1.46052
2.0,No,1.78441,-0.215591,1.75,-0.25,2,0,1.89631,-0.10369,No,1208.5,7.13644,1547.25,1084.25,13.675,66.825,1.04102
2.0,No,1.98023,-0.0197693,1.93333,-0.0666667,1.9,-0.1,2.02067,0.0206746,No,1079.25,10.7148,1628,1301.75,22.75,42.95,1.17313
5.8,No,6.12035,0.320345,6.55,0.75,6.1,0.3,6.34525,0.54525,No,1669,32.7885,2232.25,1963,24.025,55,1.62112
3.3,No,3.18986,-0.110135,3.05,-0.25,3.3,0,3.413,0.113,No,1166.75,17.7035,1744.75,1199,23.775,46.05,1.33727
0.6,No,0.556232,-0.0437676,0.6,0,0.4,-0.2,0.43875,-0.16125,No,809.5,0.72354,862.75,412.25,7.8,54.175,0.575496
3.1,No,3.00539,-0.0946144,3.26667,0.166667,2.9,-0.2,3.07417,-0.0258333,No,1347.75,15.2758,1810,1307.25,23.8,64.975,1.88966
1.0,No,0.859721,-0.140279,1.03333,0.0333333,0.8,-0.2,0.785833,-0.214167,No,853.75,5.00135,1475.75,922.25,19.3,51.4,1.13873
0.3,No,0.249087,-0.0509127,0.2,-0.1,0.3,-5.55112e-17,0.253143,-0.0468571,No,647.25,0.296313,779,273.5,10.65,36.075,0.462352
2.4,No,2.1233,-0.276695,2.1,-0.3,2.1,-0.3,2.43977,0.0397727,No,1069.5,11.2216,1740,933.25,17.5,59.15,1.17251
1.2,No,1.54769,0.347693,1.75,0.55,1.4,0.2,1.48214,0.282143,No,1029.25,7.52824,1450.75,964.75,17.275,78.375,1.53201
0.5,No,0.638129,0.138129,0.5,0,0.5,0,0.558,0.058,No,899.5,1.24379,1069.5,470.5,10.825,78.7,1.02022
4.1,No,3.89852,-0.201481,3.93333,-0.166667,3.9,-0.2,3.97082,-0.129177,No,1437.5,18.3903,1593.25,1622.25,12.625,63.9,0.930693
5.9,No,5.37366,-0.526337,6.05,0.15,5.8,-0.1,5.57082,-0.329179,No,1741,25.3422,1740.5,2158.75,12.75,60.075,0.88204
4.4,No,3.72782,-0.672178,3.85,-0.55,4,-0.4,3.94222,-0.457778,No,1325.75,17.4403,1381,1612.5,8.325,50.525,0.555765
1.1,No,1.12332,0.0233219,0.9,-0.2,1,-0.1,1.07543,-0.0245714,No,961.75,5.91337,1430,868.25,22.6,56.275,1.52332
1.7,No,1.6613,-0.0387012,1.9,0.2,1.7,0,1.7825,0.0825,No,1093.25,9.12583,1655,784.75,29.5,42.675,1.73162
2.6,No,2.23529,-0.364705,2.5,-0.1,2.5,-0.1,2.46733,-0.132667,No,1126.75,9.59305,1119.75,1388.5,10.6,51.2,0.654064
0.9,No,0.884151,-0.0158491,0.7,-0.2,0.9,0,0.85869,-0.0413095,No,860.5,4.45348,1286.5,789.25,16.9,72,1.37488
3.7,No,3.66277,-0.0372253,3.95,0.25,3.2,-0.5,3.54867,-0.151333,No,1355.25,19.7259,2158.25,1390.5,21,66.875,1.64359
3.6,No,3.07961,-0.520391,2.8,-0.8,2.9,-0.7,2.88333,-0.716667,No,1172.75,17.2462,1945,1357.75,21.325,49.675,1.24516
1.5,No,2.42145,0.921451,2.475,0.975,2.3,0.8,2.18536,0.685357,No,1221,12.3234,1614.75,1178.25,24.625,52.225,1.59512
0.7,No,1.8266,1.1266,2.03333,1.33333,1,0.3,1.41136,0.711357,No,1179.5,6.74796,1206,791,14.225,51.525,0.831299
2.8,No,3.00696,0.206956,3.2,0.4,3.1,0.3,3.20314,0.403143,No,1224.25,17.6099,1972.25,1380,34.675,25.9,1.40688
1.9,No,1.67939,-0.220611,1.3,-0.6,1.7,-0.2,1.78443,-0.115571,No,1052.5,7.54599,1463.5,785.75,14.4,43.6,0.711305
0.9,No,1.03591,0.135912,1,0.1,1.1,0.2,1.00875,0.10875,No,942,5.3287,1418.75,737.25,21.475,57.95,1.46583
0.9,No,1.0782,0.178203,1.05,0.15,0.8,-0.1,0.749238,-0.150762,No,930.75,2.6155,859.75,910.5,2.325,58.925,0.431717
0.5,No,0.577532,0.0775323,0.6,0.1,0.4,-0.1,0.457679,-0.0423214,No,856,2.48503,1345,676.75,16.325,52.775,0.972168
5.0,No,4.92605,-0.0739539,5.6,0.6,5.3,0.3,5.17667,0.176667,No,1552.25,24.0954,1749,1862,11.775,72.15,0.994794
0.7,No,0.936603,0.236603,0.65,-0.05,0.7,0,0.687857,-0.0121429,No,917.25,2.17662,993.5,602,4.475,76.3,0.647951
1.6,No,1.45511,-0.144894,0.375,-1.225,0.6,-1,1.21826,-0.381738,No,931.5,5.07611,919.75,668.5,4.175,49.5,0.411847
3.5,No,3.67259,0.172592,4.45,0.95,3.8,0.3,4.02701,0.527008,No,1352.75,17.8314,1936.75,1175.25,8.6,75.125,0.841547
2.5,No,2.64371,0.143712,2.45,-0.05,2.2,-0.3,2.51148,0.0114762,No,1184.75,15.1083,2002.75,1274,25.5,59.675,1.91931
2.0,No,1.77713,-0.222871,1.46667,-0.533333,1.8,-0.2,1.76603,-0.233968,No,1075.5,10.4277,1549,937.75,38.25,17.875,1.18102
1.0,No,1.12682,0.126816,1.1,0.1,1.1,0.1,1.12333,0.123333,No,953.25,4.1049,1151.5,910.5,9.75,79.175,0.956726
0.3,No,0.648389,0.348389,0.8,0.5,0.5,0.2,0.529524,0.229524,No,924.75,2.34301,1363,533.25,17.3,54.05,1.05817
2.5,No,2.51706,0.01706,2.5,0,2.5,0,2.39357,-0.106429,No,1221.5,12.8833,1754.75,1366.25,21.35,44.975,1.12905
1.0,No,0.738787,-0.261213,0.675,-0.325,0.7,-0.3,0.704476,-0.295524,No,920.5,4.50562,1585,779,25.125,56.575,1.77983
0.4,No,0.418078,0.0180775,0.7,0.3,0.5,0.1,0.444667,0.0446667,No,759.5,2.58918,1386.25,575.25,17.825,54.075,1.09377
1.9,No,1.91148,0.0114805,1.9,-2.22045e-16,2,0.1,1.81017,-0.0898333,No,969.75,11.2286,1552,1073.5,26.35,27.325,0.923818
0.9,No,1.16891,0.268911,1.3,0.4,1.2,0.3,1.09567,0.195667,No,980.75,5.53453,1390,898.25,18.25,70.075,1.4552
2.6,No,2.41461,-0.185386,2.4,-0.2,2.5,-0.1,2.47683,-0.123167,No,1113.75,13.5068,1631.75,1056.75,29.575,27.675,1.12781
0.4,No,1.3075,0.907501,0.4,-5.55112e-17,1.1,0.7,0.857024,0.457024,No,1078.25,3.87482,1076.75,897.75,10.175,55.75,0.692688
2.1,No,1.86114,-0.238862,1.7,-0.4,1.4,-0.7,1.82617,-0.273833,No,994.25,7.32246,997,835.75,4.725,47.175,0.407493
0.9,No,0.876566,-0.0234335,0.975,0.075,0.9,0,0.863929,-0.0360714,No,899.5,1.96851,791.75,376.75,11.2,33.8,0.44898
0.6,No,0.648071,0.0480714,0.4,-0.2,0.5,-0.1,0.475667,-0.124333,No,789.75,0.597891,750.5,335.5,1.625,52.9,0.369201
0.6,No,0.411318,-0.188682,0.7,0.1,0.6,-1.11022e-16,0.587143,-0.0128571,No,832.5,2.81846,1495.75,717,23.5,51.225,1.46336
3.8,No,3.89514,0.095141,3.95,0.15,4,0.2,4.38067,0.580667,No,1270,18.9566,1433.75,1482.25,7.5,58.75,0.61175
1.6,No,1.25496,-0.345042,1.3,-0.3,1.1,-0.5,0.931667,-0.668333,No,1106,4.31726,1309.25,885,14.425,78.575,1.28394
1.5,No,1.57251,0.0725051,1.75,0.25,1.6,0.1,1.60318,0.103179,No,1121.75,5.81766,1225,960,13.425,60.975,0.934838
2.6,No,2.68172,0.0817248,2.36667,-0.233333,2.5,-0.1,2.70476,0.104762,No,1061,15.4201,1898.25,1132.25,19.9,49.4,1.13541
4.0,No,4.33884,0.338836,4.425,0.425,4.1,0.1,4.32331,0.32331,No,1369.25,21.8036,1536.5,1607.5,15.35,41.275,0.715111
3.0,No,1.49274,-1.50726,2.4,-0.6,1.6,-1.4,1.63053,-1.36947,No,1003,5.17148,1008,788,6.8,57.95,0.575836
1.9,No,1.99828,0.098281,1.95,0.05,2.1,0.2,2.01414,0.114143,No,949.25,12.5505,1547.25,904.75,35.125,15.05,0.838127
4.6,No,3.48021,-1.11979,3.56667,-1.03333,3.3,-1.3,3.39875,-1.20125,No,1334,15.7994,1431.75,1643,6.475,60.875,0.591855
2.2,No,2.05655,-0.143451,2.1,-0.1,2,-0.2,2.01714,-0.182857,No,1075.75,12.1996,1633,1075.5,36.175,18.025,1.06355
0.8,No,0.501854,-0.298146,0.7,-0.1,0.7,-0.1,0.607429,-0.192571,No,872.75,3.79497,1413.25,527.5,36.175,24.125,1.42348
2.5,No,2.45127,-0.0487284,2.75,0.25,2.7,0.2,2.5756,0.0755952,No,1256.25,10.4821,1417.25,1104,12.825,73.55,1.0851
5.4,No,5.248,-0.151999,5.625,0.225,5.3,-0.1,5.02074,-0.379262,No,1522.25,26.4842,1821.75,1882.75,12,50.975,0.713132
1.3,No,0.913853,-0.386147,1.06667,-0.233333,1.1,-0.2,1.09406,-0.20594,No,902,5.90804,1407.75,632,34.375,23.475,1.25411
2.1,No,1.79865,-0.301348,1.93333,-0.166667,2.1,0,1.77124,-0.328762,No,1073.25,7.06146,1058,1238.25,9.55,51.675,0.616278
0.6,No,0.842709,0.242709,0.9,0.3,0.7,0.1,0.71481,0.11481,No,864.25,1.61296,819.25,544.75,4.075,48.1,0.397474
0.9,No,1.24245,0.342454,1.525,0.625,1.2,0.3,1.36125,0.46125,No,1008.75,7.4221,1738,1060,26.375,53.125,1.79871
1.3,No,1.56804,0.268038,1.5,0.2,1.6,0.3,1.37033,0.0703258,No,1064.5,6.09057,1244.5,872.5,10.825,79.975,1.03675
1.5,No,1.2531,-0.2469,1.325,-0.175,1.3,-0.2,1.29971,-0.200292,No,954.25,6.95247,1474,745.25,25.2,40.75,1.28766
3.1,No,3.3491,0.249104,3.85,0.75,3.7,0.6,3.46804,0.368036,No,1080.75,16.7274,1230,1249.5,7.55,40.15,0.419468
1.3,No,1.45419,0.154195,1.63333,0.333333,1.2,-0.1,1.24729,-0.0527063,No,1076,5.13626,1093.25,1106.5,11.875,53.425,0.741395
2.1,No,1.88786,-0.212137,2.6,0.5,1.9,-0.2,1.93254,-0.167464,No,1097,9.10658,1488.5,982.25,17.35,79.275,1.55685
1.6,No,1.61534,0.0153401,1.7,0.1,1.4,-0.2,1.42317,-0.176833,No,1060.25,8.62468,1648.5,1160.5,21.125,70.125,1.73658
0.3,No,0.361172,0.0611719,0.366667,0.0666667,0.5,0.2,0.399917,0.0999167,No,881.75,2.15229,1462.75,406.25,25.525,62.825,2.0236
4.2,No,4.36154,0.161535,4.9,0.7,4.7,0.5,4.33075,0.13075,No,1415.75,21.8129,1569.75,1945,15.075,50.225,0.855193
5.5,No,6.1573,0.657298,6.125,0.625,5.6,0.1,5.91711,0.417111,No,1513.5,34.2755,2399.75,1748.75,20.125,62.7,1.46105
0.5,No,0.57158,0.0715803,0.75,0.25,0.7,0.2,0.587857,0.0878571,No,824,3.76411,1516.75,733.25,22.025,50.475,1.31986
0.8,No,0.707674,-0.0923257,0.7,-0.1,0.7,-0.1,0.787,-0.013,No,798.25,2.51831,1041,524.25,10.65,61.3,0.785645
0.7,No,0.584158,-0.115842,0.633333,-0.0666667,0.6,-0.1,0.540337,-0.159663,No,864.25,3.33921,1412.25,636.25,22.75,58.525,1.59854
3.8,No,3.74972,-0.0502795,3.65,-0.15,4,0.2,4.05221,0.252214,No,1178.75,22.4874,1844.5,1264.75,39.475,12.6,0.889361
3.2,No,3.06416,-0.135835,2.725,-0.475,3.3,0.1,3.17167,-0.0283333,No,1314.75,14.7993,1807.25,1160.75,15.65,50.675,0.89473
4.0,No,7.1667,3.1667,2.9,-1.1,6.3,2.3,5.31639,1.31639,No,1302.75,40.2238,1466.75,1607.75,20.35,35.725,0.843977
0.7,No,0.715402,0.0154017,0.8,0.1,0.9,0.2,0.780476,0.0804762,No,880.25,2.35741,1149.5,711.25,12.05,77.95,1.09404
1.5,No,1.15676,-0.343237,1,-0.5,1.1,-0.4,1.0281,-0.471905,No,971.75,5.73314,1425.25,824.75,19.675,68.65,1.55628
1.5,No,1.17596,-0.324044,1.05,-0.45,1.1,-0.4,1.03464,-0.465357,No,1023.5,3.9016,1167.5,806.75,11.525,74.175,1.00629
4.7,No,4.81161,0.111606,5.25,0.55,4.8,0.1,4.91083,0.210833,No,1418,26.6766,2063.5,1600,27.15,42.2,1.49494
2.4,No,2.19707,-0.202926,1.83333,-0.566667,2.3,-0.1,2.42602,0.0260238,No,996.25,10.5571,1135.5,1060,12.85,34.525,0.510173
1.1,No,2.60098,1.50098,2.2,1.1,2.2,1.1,2.04086,0.940857,No,1266.5,10.8181,1263.75,1652.25,7.95,75.3,0.807924
5.2,No,5.29892,0.0989183,5.8,0.6,5,-0.2,5.8675,0.6675,No,1432.75,28.6019,1972.75,1770.25,19.05,47.825,1.04338
1.6,No,1.66408,0.0640822,1.85,0.25,1.6,2.22045e-16,1.694,0.094,No,1137.25,7.28742,1553.75,951.25,17.025,53.85,1.03635
9.1,No,7.13176,-1.96824,6.6,-2.5,8.4,-0.7,7.21586,-1.88414,No,1701,36.2632,1831.75,2415,6.175,56.875,0.541923
3.3,No,2.60902,-0.690985,3.075,-0.225,2.8,-0.5,2.86357,-0.436429,No,1120.75,11.2286,1053,1353.5,4.85,45.05,0.392459
1.5,No,1.60341,0.103408,1.9,0.4,1.4,-0.1,1.414,-0.086,No,1097.75,9.11941,1771.5,1086,28.2,51.05,1.92207
2.0,No,1.99145,-0.00854526,1.45,-0.55,2,0,1.76861,-0.231389,No,1202.75,8.51842,1528.5,1117.75,14.9,52,0.875669
1.4,No,1.48692,0.0869183,1.55,0.15,1.5,0.1,1.45767,0.0576667,No,1017.5,5.73841,1185.25,956.25,8.75,84.2,0.952605
3.6,No,3.72663,0.126633,4.43333,0.833333,3.8,0.2,4.23778,0.637778,No,1230.75,20.2821,2029,1314.75,15.9,53.125,0.952857
2.5,No,2.65166,0.151664,2.5,0,2.6,0.1,2.48,-0.02,No,1146,15.7184,1902.25,1138.25,33.7,25.45,1.3095
3.4,No,4.14742,0.747422,3.96667,0.566667,4.2,0.8,4.42158,1.02158,No,1492.75,21.1287,2193.25,1596.75,16.825,62.45,1.18694
2.5,No,2.35607,-0.143928,2.775,0.275,2.5,0,2.41417,-0.0858333,No,1024,13.8195,1752.5,1069.25,25.1,32.375,1.017
2.3,No,2.65692,0.356921,3.46667,1.16667,2.8,0.5,2.587,0.287,No,1139.75,14.3758,1727.5,1023.25,23.8,31.675,0.921198
2.3,No,2.62728,0.327283,2.3,0,2.5,0.2,2.33914,0.0391429,No,1159.25,15.0844,2004.75,1206.25,24.275,63.275,1.89293
1.1,No,1.29135,0.191346,1.2,0.1,1.1,0,0.977667,-0.122333,No,995.5,3.76851,893.5,1228.25,4.125,50.05,0.415003
6.5,No,6.19939,-0.300611,5.95,-0.55,6.5,0,5.74719,-0.75281,No,1894.75,30.9613,2442.75,1991.5,18.275,52.625,1.09452
3.8,No,3.64421,-0.155789,3.93333,0.133333,3.8,0,3.61633,-0.183667,No,1454.25,17.5081,1808.75,1654.25,17.05,42.125,0.811962
2.0,No,0.890839,-1.10916,0.866667,-1.13333,0.8,-1.2,0.729571,-1.27043,No,1010.75,2.52944,1157.5,703,15.175,63.5,1.08808
0.9,No,1.09993,0.199925,1.05,0.15,0.9,0,1.01492,0.114917,No,914,2.87708,832,921.5,2.65,48.825,0.365846
0.7,No,0.896518,0.196518,0.25,-0.45,0.7,0,0.841286,0.141286,No,803.75,2.64951,805.75,712,4.85,40.625,0.35391
3.4,No,3.62252,0.222517,3.7,0.3,3.5,0.1,3.71095,0.310952,No,1285.5,19.6101,1728,1448.5,27.2,30.425,1.08095
0.6,No,0.661333,0.061333,0.4,-0.2,0.5,-0.1,0.449333,-0.150667,No,805.75,0.630397,728,368.25,3.05,44.4,0.341991
0.8,No,0.675889,-0.124111,0.55,-0.25,0.8,-1.11022e-16,0.769095,-0.0309048,No,874.75,2.26448,1206.25,384.5,15.1,43.9,0.748678
1.4,No,1.61224,0.212237,1.63333,0.233333,1.6,0.2,1.77667,0.376667,No,1141.5,6.8954,1547.25,1164.25,15.25,61.45,1.05796
0.6,No,0.506955,-0.0930455,0.4,-0.2,0.6,0,0.550929,-0.0490714,No,840,1.37851,1109,483.25,13.625,75.475,1.17203
6.1,No,6.0026,-0.0973963,5.95,-0.15,6.1,0,5.87843,-0.221571,No,1653,30.9613,2146.75,1920,14.675,59.8,0.99277
1.9,No,1.88893,-0.011067,2.23333,0.333333,2.2,0.3,1.94767,0.0476667,No,1235.67,6.81395,1273.67,1131.33,12.1333,67.6,0.953889
0.8,No,0.722372,-0.077628,0.95,0.15,0.8,0,0.722571,-0.0774286,No,885.75,2.06974,1000.5,443.25,15.125,47.65,0.813916
0.8,No,0.826553,0.0265533,1,0.2,0.9,0.1,0.932286,0.132286,No,898.25,3.28088,1386.25,806.5,10.8,70.25,0.909196
2.3,No,1.80799,-0.49201,2.66667,0.366667,1.8,-0.5,1.51433,-0.785667,No,1096.25,7.06146,1130.5,1178.5,9.675,62.45,0.750921
2.3,No,2.17807,-0.12193,1.73333,-0.566667,2.1,-0.2,2.14542,-0.154583,No,1149.25,10.5503,1433.5,1100.75,20.8,45.525,1.10536
0.1,No,1.18004,1.08004,1.15,1.05,1,0.9,1.09167,0.991667,No,1053.25,3.30999,1137,569.5,10.6,66.1,0.844406
0.5,No,0.553827,0.0538273,0.5,0,0.5,0,0.540321,0.0403214,No,822.5,2.6533,1253.25,748.25,16.775,71.925,1.36277
1.4,No,1.43514,0.0351393,1.5,0.1,1.5,0.1,1.394,-0.006,No,1046,6.87263,1595.25,907.75,17.725,56.425,1.13424
1.9,No,1.67085,-0.229149,1.9,0,1.7,-0.2,1.4365,-0.4635,No,1074.75,7.91684,1487.25,935.75,19.575,35.95,0.809999
1.0,No,0.775374,-0.224626,1.13333,0.133333,0.9,-0.1,0.70356,-0.29644,No,861.75,2.79516,1099.75,726.75,12.3,67.475,0.962414
1.9,No,2.20112,0.301117,2.225,0.325,2.3,0.4,2.29955,0.399545,No,1204.75,9.10017,1360.75,1052,11.5,68.675,0.93017
1.1,No,0.734668,-0.365332,0.433333,-0.666667,0.6,-0.5,0.583321,-0.516679,No,806.25,1.60989,806.5,783.25,4.05,50.35,0.415357
1.6,No,1.84484,0.244844,1.8,0.2,1.7,0.1,1.69043,0.0904286,No,1272.25,6.51822,1490,1110,11.15,59.575,0.788794
1.0,No,0.787239,-0.212761,0.95,-0.05,1,0,0.998238,-0.0017619,No,965.75,5.42092,1530.25,652,39.525,24.325,1.72158
3.8,No,3.74845,-0.0515517,4.03333,0.233333,4.2,0.4,4.23008,0.430083,No,1341.75,17.1704,1331.75,1805.75,5.475,54.85,0.498516
0.6,No,0.670477,0.0704769,0.8,0.2,0.7,0.1,0.66375,0.06375,No,834.5,3.79056,1360.5,796,19.75,59.3,1.3505
1.9,No,2.06408,0.164076,2.13333,0.233333,2.2,0.3,2.22742,0.327417,No,1090,8.26445,1192,973.5,5.15,74.475,0.662146
1.3,No,1.0977,-0.2023,1.4,0.1,1.3,0,1.28717,-0.0128333,No,1043.25,6.69162,1628,689,37.775,26.325,1.69509
2.1,No,2.15193,0.0519298,2.2,0.1,2.3,0.2,2.37283,0.272833,No,1038.25,12.0909,1630.5,1095.25,24,34.9,1.02714
0.3,No,0.472351,0.172351,0.325,0.025,0.4,0.1,0.308667,0.00866667,No,697.25,0.60393,698.25,318,5.625,37.55,0.34476
3.0,No,3.40195,0.40195,2.95,-0.05,3.4,0.4,3.18533,0.185333,No,1400.25,17.6694,1864,1483,26.475,52.175,1.77691
2.6,No,2.37942,-0.22058,2.375,-0.225,2.4,-0.2,2.55017,-0.0498333,No,1130,11.3129,1373.5,1208.75,14.475,60.45,0.990909
1.4,No,1.65973,0.259728,1.4,0,1.9,0.5,1.73483,0.334833,No,1006.5,7.00401,1248.25,921,8.675,80.8,0.909618
2.4,No,2.29661,-0.103389,2.26667,-0.133333,2.2,-0.2,2.25858,-0.141417,No,1157.25,13.6361,1792.25,981.5,39.95,18.825,1.36304
1.4,No,1.69871,0.298706,1.66667,0.266667,1.6,0.2,1.64108,0.241083,No,1072,6.1447,1161.25,1002.5,5.25,80.2,0.717895
1.9,No,1.73121,-0.168792,2.13333,0.233333,1.8,-0.1,1.82755,-0.0724524,No,958.5,7.42798,863.5,1005.75,13.7,17.4,0.271496
2.0,No,1.86112,-0.138885,2.25,0.25,2.1,0.1,2.22645,0.226452,No,1040,7.85049,1103.5,835,12.575,38.475,0.558583
2.8,No,2.8175,0.0175043,3.4,0.6,2.7,-0.1,2.85295,0.0529524,No,1182.25,12.6315,1187,1298.25,9.7,35.975,0.433287
3.0,No,3.31883,0.318831,3.2,0.2,3.4,0.4,3.461,0.461,No,1208.75,18.2952,1891,1295.25,23.5,29.525,0.84345
0.6,No,0.832413,0.232413,1.1,0.5,0.9,0.3,0.82869,0.22869,No,881,4.44403,1308.25,782.75,22.35,47.225,1.25928
2.5,No,2.42989,-0.070111,2.53333,0.0333333,2.5,0,2.25542,-0.244583,No,1221.25,11.4965,1629.5,912.5,19.25,35.375,0.781308
3.5,No,3.45677,-0.0432305,2.75,-0.75,3.4,-0.1,3.4035,-0.0965,No,1455,17.2546,1796.25,1387.25,26.2,51.725,1.73345
3.7,No,4.044,0.343996,3.675,-0.025,3.7,0,3.56292,-0.137083,No,1467.5,20.9637,1913.25,1641.25,24.375,52.525,1.58068
3.7,No,4.43213,0.732125,3.53333,-0.166667,4.2,0.5,4.21229,0.512286,No,1348.25,23.7662,1846.75,1444.25,20.275,58.45,1.37454
1.4,No,1.17529,-0.224711,1.4,-2.22045e-16,1.4,0,1.42333,0.0233333,No,941.25,5.3287,1342.5,719.75,16.275,38.4,0.705153
2.1,No,1.90471,-0.195287,2.025,-0.075,2,-0.1,2.05533,-0.0446667,No,1022.75,11.767,1710.75,909.5,35.375,19.875,1.12221
1.7,No,1.67207,-0.0279255,1.85,0.15,1.7,0,1.64674,-0.0532619,No,1053.75,10.2045,1741.75,939.75,33.7,33.4,1.71856
1.1,No,0.884712,-0.215288,0.833333,-0.266667,0.9,-0.2,0.854889,-0.245111,No,845.25,1.96851,719,472.5,6.3,28.85,0.277214
2.6,No,2.78966,0.189664,3.2,0.6,2.7,0.1,2.74167,0.141667,No,1175,13.8578,1484,1212.25,16.5,54.575,1.0164
2.9,No,2.22552,-0.674482,2.3,-0.6,2.6,-0.3,2.52433,-0.375675,No,997.5,9.85026,983.5,1090.25,6.75,36.1,0.357518
1.5,No,2.03525,0.535252,2,0.5,2,0.5,1.96911,0.469111,No,1151.75,9.64557,1705.25,1095.5,14.525,65.7,1.08039
1.9,No,2.04877,0.148775,1.63333,-0.266667,2.1,0.2,1.45433,-0.445667,No,1153,7.48689,1179.75,1172.5,3.125,77.3,0.598485
0.6,No,1.41136,0.811364,1.5,0.9,1.1,0.5,1.24969,0.64969,No,995.75,4.24751,938.25,1066.75,1.35,63.125,0.432208
2.0,No,1.78376,-0.216243,1.95,-0.05,1.9,-0.1,1.81381,-0.18619,No,1109.5,9.20945,1632,890.75,26,31.9,1.05659
1.5,No,1.64167,0.141668,1.36667,-0.133333,1.6,0.1,1.54772,0.0477222,No,1068.75,9.20301,1763,1039.25,25.2,51.05,1.61314
0.9,No,0.518837,-0.381163,0.533333,-0.366667,0.6,-0.3,0.503571,-0.396429,No,862.75,1.34428,1094.75,606.25,14.725,59.85,0.996753
1.8,No,1.393,-0.407004,1.35,-0.45,1.4,-0.4,1.38656,-0.413444,No,1010.75,4.57713,997.5,929.25,7.025,60.025,0.605509
3.6,No,3.92369,0.32369,3.45,-0.15,3.7,0.1,3.85867,0.258667,No,1392,20.5808,1865.75,1477.5,22.575,61.55,1.66361
2.7,No,2.40354,-0.296465,2.55,-0.15,2.6,-0.1,2.64067,-0.0593333,No,1065.25,13.6361,1672,986.5,26.55,30.2,1.03303
2.3,No,2.09108,-0.208924,1.7,-0.6,1.8,-0.5,2.05233,-0.247667,No,1121.75,10.4957,1586,1048,18.425,76.3,1.6017
4.7,No,3.98199,-0.718011,3.53333,-1.16667,4.1,-0.6,4.16267,-0.537333,No,1336.5,19.6902,1648.25,1516,10.375,75.95,0.956091
6.8,No,6.96452,0.164522,7.75,0.95,6.8,0,7.02252,0.222524,No,1712.5,37.956,2386.25,1918.75,24.4,56.025,1.68851
0.4,No,0.196907,-0.203093,0.4,0,0.4,0,0.415333,0.0153333,No,794.75,1.8014,1425.5,497.25,25.225,55,1.74052
2.9,No,2.55147,-0.348525,2.55,-0.35,2.7,-0.2,2.54324,-0.356762,No,1188,11.4187,1242.5,1433,12.25,47.025,0.668572
3.1,No,3.14908,0.0490812,2.5,-0.6,3.1,0,3.06276,-0.0372381,No,1340.75,15.8887,1824.5,1346.5,22.9,33.825,0.932237
2.7,No,2.33884,-0.361157,2.75,0.05,2.2,-0.5,2.23842,-0.461583,No,985.75,14.5008,1618.5,1174,33.675,15.4,0.791286
2.4,No,2.91662,0.51662,3.7,1.3,2.8,0.4,2.90242,0.502417,No,1087,14.1351,1177.25,1208.75,10.65,34.25,0.438962
1.9,No,1.73172,-0.168283,1.5,-0.4,1.7,-0.2,1.55272,-0.347278,No,1064.25,9.41668,1770.25,932.25,22.2,53.875,1.4237
2.2,No,2.22854,0.0285388,2.3,0.1,2.6,0.4,2.31016,0.110159,No,1028.25,10.1372,978.5,1048,13.725,19.925,0.31139
1.3,No,1.53207,0.232069,1.33333,0.0333333,1.5,0.2,1.5315,0.2315,No,1140.75,6.31931,1488.25,1109.75,16.25,54.175,0.993276
1.9,No,1.74699,-0.153011,1.85,-0.05,1.7,-0.2,1.61595,-0.284048,No,1030,10.2854,1750.5,828.75,27.25,49.4,1.76022
0.7,No,1.51804,0.818036,1.36667,0.666667,1.5,0.8,1.305,0.605,No,980.75,5.83887,996.75,782.75,10.725,37.175,0.478785
4.1,No,3.77618,-0.323821,3.95,-0.15,4,-0.1,3.99189,-0.108111,No,1362.5,17.6524,1489.75,1638,7.95,71.875,0.771176
2.6,No,2.59002,-0.00998174,3.2,0.6,2.6,0,2.64679,0.0467857,No,1152.5,12.861,1495.5,1102.75,17.025,57.525,1.10707
0.8,No,1.0228,0.222796,0.933333,0.133333,0.9,0.1,0.903619,0.103619,No,902.5,5.81766,1470.75,852.5,21.8,55.525,1.43234
5.0,No,4.40231,-0.597694,4.25,-0.75,4.5,-0.5,4.20742,-0.792583,No,1552.5,22.121,2030,1895.25,19.125,42.125,0.923273
3.7,No,3.53969,-0.160305,3.55,-0.15,3.2,-0.5,3.03078,-0.669222,No,1327.25,18.6682,1825.5,1434.25,22.4,60.8,1.62615
1.8,No,2.24108,0.441078,2.6,0.8,2.1,0.3,2.50849,0.708488,No,1240.5,10.908,1747.5,1069.75,22.325,45.4,1.2088
2.2,No,2.40797,0.207975,2.55,0.35,2.3,0.1,2.5535,0.3535,No,1089.5,13.5752,1685.5,1235.25,25.725,33.5,1.09181
2.5,No,2.70815,0.20815,2.225,-0.275,2.3,-0.2,2.42144,-0.0785595,No,1393.25,12.4991,1654.25,1489.75,24.3,28.275,0.847128
1.0,No,0.68258,-0.31742,1,0,0.9,-0.1,0.928429,-0.0715714,No,871,4.95673,1346,520.25,39.725,15.325,1.09632
3.4,No,3.3555,-0.0444956,3.4,0,3.3,-0.1,3.29948,-0.100524,No,1266.5,19.2733,2058.5,1570.25,30.1,32.85,1.37951
0.9,No,0.6061,-0.2939,0.575,-0.325,0.7,-0.2,0.662833,-0.237167,No,932.5,3.81708,1638,689.5,25.9,64.525,2.12469
1.0,No,0.99117,-0.00882973,1.025,0.025,1,0,0.94,-0.06,No,938.5,3.57689,980.5,549.5,18.925,33.775,0.73121
3.3,No,2.72733,-0.572669,2.925,-0.375,3,-0.3,2.92936,-0.370645,No,1249.5,12.1198,1406.75,1347.5,10.35,75.35,0.94699
1.3,No,1.54026,0.240264,1.475,0.175,1.3,0,1.445,0.145,No,1038,7.88665,1473.75,998.75,21.175,68.625,1.7046
0.9,No,0.676707,-0.223293,0.766667,-0.133333,0.9,0,0.97,0.07,No,907.5,4.69739,1373.25,451.25,39.725,19.075,1.36459
2.2,No,2.60218,0.402181,2.36667,0.166667,2.5,0.3,2.67758,0.477583,No,1123.25,14.5477,1922.25,1170,20.775,52.625,1.27581
5.0,No,4.31151,-0.688486,4.26667,-0.733333,4.2,-0.8,4.85167,-0.148333,No,1411.25,20.5173,1588.5,1536.75,6.5,79.975,0.778861
4.4,No,4.34999,-0.0500106,3.96667,-0.433333,4.5,0.1,4.63683,0.236833,No,1524,21.9714,2096,1603.75,18.45,46.3,0.973438
3.4,No,3.97303,0.573027,4.03333,0.633333,4.1,0.7,4.67675,1.27675,No,1316.5,18.2693,1359.5,1570.75,0.875,59.075,0.391284
1.3,No,1.30865,0.00865203,1.46667,0.166667,1.3,0,1.30747,0.00747222,No,920.5,4.45821,880.75,673,7.25,35,0.358417
1.2,No,0.914836,-0.285164,1.3,0.1,1.2,0,0.98919,-0.21081,No,882.5,5.1967,1513.5,621.25,21.8,45.6,1.17631
1.4,No,1.59806,0.198062,1.125,-0.275,1.5,0.1,1.48508,0.0850833,No,1038,9.28046,1749.5,1181,25.5,47.625,1.53175
3.4,No,3.63267,0.232673,3.425,0.025,3.4,0,3.61127,0.21127,No,1541,16.1745,1888.75,1406.5,11.675,63.65,0.871937
1.1,No,1.14363,0.0436308,1.25,0.15,1.2,0.1,1.10536,0.00535714,No,893.25,6.34128,1356.5,672,23.2,42.825,1.20167
3.3,No,3.01587,-0.284135,2.9,-0.4,3,-0.3,3.16391,-0.136087,No,1211,16.4788,1599,1187.5,31.65,22.7,1.04102
1.4,No,0.997843,-0.402157,1.1,-0.3,1.1,-0.3,0.997619,-0.402381,No,970.25,3.40219,930.5,612.5,21.125,23.725,0.587528
1.4,No,1.51336,0.113358,1.66667,0.266667,1.6,0.2,1.60626,0.206262,No,973.25,5.69108,844.5,769,12.875,20.575,0.304524
0.4,No,0.233142,-0.166858,0.35,-0.05,0.4,0,0.426667,0.0266667,No,771.5,1.99194,1413.5,565.5,22.725,59.175,1.61388
2.0,No,1.88275,-0.117254,1.45,-0.55,1.9,-0.1,1.99045,-0.00954762,No,1085,9.37767,1655.5,870.5,17.75,55.5,1.11738
2.4,No,2.53174,0.131738,2.1,-0.3,2.2,-0.2,2.35888,-0.041119,No,1138,14.3447,1737,1489.5,27.8,29.95,1.10182
1.6,No,1.65005,0.050048,1.16667,-0.433333,1.6,-2.22045e-16,1.69333,0.0933333,No,1134.25,6.61867,1501.25,917,11.95,71.1,0.991471
0.4,No,0.598557,0.198557,0.625,0.225,0.6,0.2,0.595,0.195,No,833.5,2.76808,1362,698.5,15.025,59.75,1.01417
5.6,No,5.93941,0.33941,6.53333,0.933333,6.6,1,6.27698,0.676976,No,1521.25,30.7132,1842.5,2097,9.325,64.2,0.754406
0.8,No,0.84308,0.0430797,1.025,0.225,0.9,0.1,0.93,0.13,No,904.25,2.73343,1233.25,488.75,10.575,56.05,0.714854
4.3,No,3.32164,-0.978358,3.275,-1.025,3.2,-1.1,3.51025,-0.78975,No,1403,15.404,1575.5,1582.5,15.9,56.575,1.01474
1.3,No,1.21513,-0.0848706,1.8,0.5,1.1,-0.2,1.2574,-0.0425952,No,1020.25,4.29396,1390.75,630.5,9.25,75.225,0.879605
0.9,No,0.969142,0.069142,0.9,0,0.9,0,0.928333,0.0283333,No,840.5,3.46568,1067.25,594,6.525,85.625,0.835286
1.7,No,1.74404,0.0440381,1.46667,-0.233333,1.7,0,1.71667,0.0166667,No,1089,7.63502,1486.5,974.5,12.6,54.2,0.788146
1.1,No,1.05411,-0.0458872,1,-0.1,1.1,0,1.12542,0.0254167,No,915,3.10043,865.75,562,10.05,37.675,0.464294
1.5,No,1.2348,-0.265203,1.25,-0.25,1.4,-0.1,1.395,-0.105,No,979,6.49599,1337.5,699.75,28.4,28.35,1.0798
2.4,No,2.68068,0.280683,3.1,0.7,2.7,0.3,2.4045,0.0045,No,1293,12.0547,1332,1592.5,17.725,39.75,0.799043
2.9,No,2.5181,-0.381903,2.5,-0.4,2.7,-0.2,2.60693,-0.293071,No,1172.25,13.0249,1875.75,1102,16.35,68.6,1.26566
1.7,No,2.10868,0.408682,1.73333,0.0333333,2,0.3,2.22315,0.523155,No,1248.25,8.99144,1458,1229.25,16.45,68.15,1.26526
0.5,No,0.68306,0.18306,0.55,0.05,0.7,0.2,0.59,0.09,No,921.25,1.88253,1143,672.25,13.7,67.775,1.05751
0.8,No,0.730346,-0.0696543,0.6,-0.2,0.6,-0.2,0.621444,-0.178556,No,908.25,3.82151,1381,704,24.675,36.425,1.11583
1.2,No,1.43311,0.233105,0.975,-0.225,1.3,0.1,0.862278,-0.337722,No,1099.75,5.10615,1146.75,1049,14.275,52.5,0.849727
1.6,No,1.60939,0.00938719,1.53333,-0.0666667,1.6,0,1.61233,0.0123333,No,999.75,8.46861,1660.5,802.25,17.5,63.9,1.26667
2.0,No,1.65278,-0.347223,1.53333,-0.466667,1.7,-0.3,1.69314,-0.306861,No,1050.75,9.274,1592.5,1039.75,28.75,33,1.28255
1.8,No,1.82448,0.024475,1.85,0.05,1.8,0,1.86207,0.0620714,No,1047.75,10.1372,1642.5,1063.75,25.5,34,1.09353
1.4,No,1.5125,0.112501,1.66667,0.266667,1.5,0.1,1.48414,0.0841429,No,965,8.27266,1389,643.333,28.1667,19.4333,0.730269
1.5,No,1.55528,0.0552782,1.2,-0.3,1.3,-0.2,1.38295,-0.117048,No,1178.75,4.97158,1361.75,670.5,10.5,57.925,0.735161
0.9,No,0.893535,-0.00646499,0.633333,-0.266667,1,0.1,1.0175,0.1175,No,882,4.99142,1388,655.75,23.3,45.325,1.27944
1.0,No,0.92734,-0.0726598,1.1,0.1,1.1,0.1,1.08845,0.0884524,No,928,3.81708,902,455.5,28.675,13.7,0.530155
2.0,No,2.38672,0.386716,2.8,0.8,2.3,0.3,2.35133,0.351333,No,1104.33,11.3928,1262.67,1227.33,15.4333,42.9667,0.748344
1.1,No,1.0882,-0.0118008,1.45,0.35,1.3,0.2,1.22133,0.121333,No,998.5,3.6374,1192.25,706.75,11.85,80.7,1.11809
1.8,No,2.09324,0.29324,1.8,0,1.9,0.1,1.99505,0.195048,No,1256.5,9.88345,1633.75,838.75,27.475,31.625,1.1417
1.7,No,1.47981,-0.220188,1.6,-0.1,1.6,-0.1,1.61181,-0.0881905,No,957.25,8.64976,1480.25,830,28.875,28.3,1.10783
2.1,No,1.84896,-0.251044,2.025,-0.075,1.7,-0.4,1.75183,-0.348167,No,1174.75,8.15399,1331.5,904.5,23.775,33.4,0.96992
3.1,No,3.12766,0.027661,3.2,0.1,2.9,-0.2,3.16554,0.0655397,No,1209.5,15.0606,1427.75,1344.75,11.275,60.1,0.802232
3.1,No,2.92719,-0.172807,3.3,0.2,3,-0.1,3.09267,-0.00733333,No,1406.25,13.6971,1871.5,1383.75,17.7,66.875,1.34222
2.7,No,2.29695,-0.403055,3.25,0.55,2.3,-0.4,2.61,-0.09,No,1177.75,8.99782,1228.25,1165.25,4.15,83.875,0.696661
0.6,No,0.591948,-0.00805233,0.4,-0.2,0.6,0,0.61131,0.0113095,No,857,1.71236,1129.5,646.25,11.875,79.575,1.10429
2.1,No,2.28046,0.180457,2.6,0.5,2.1,0,2.02926,-0.0707381,No,1375.5,9.33874,1636.25,1153.25,19.05,42.95,0.937023
1.2,No,1.43419,0.234194,1.33333,0.133333,1.5,0.3,1.29357,0.0935714,No,1197.75,4.89749,1277,1001,18.725,47.975,1.02592
1.8,No,1.95289,0.152893,1.5,-0.3,1.9,0.1,1.77839,-0.0216111,No,1127.25,10.3057,1723.5,1096,22.1,67.275,1.76713
1.3,No,1.18927,-0.110727,1.3,-2.22045e-16,1.2,-0.1,1.169,-0.131,No,910.75,3.39377,854.5,555,4,44.875,0.368928
4.0,No,3.78335,-0.216651,4,0,4,0,4.59298,0.592976,No,1108.5,22.866,1794.75,1224.75,35.75,13.65,0.786817
0.5,No,0.574011,0.0740109,0.6,0.1,0.6,0.1,0.554444,0.0544444,No,933.333,1.53207,1336,542.333,15.0333,59.2333,1.00593
1.7,No,1.68045,-0.0195457,1.46667,-0.233333,1.7,0,1.64083,-0.0591667,No,1026.5,8.82622,1465,1049.5,22.2,47.975,1.26779
0.4,No,0.653906,0.253906,0.5,0.1,0.5,0.1,0.449524,0.0495238,No,844.25,0.595884,908.25,385,2.475,86.55,0.640726
1.4,No,1.54032,0.14032,1.3,-0.1,1.4,0,1.36133,-0.0386667,No,1115.25,5.28285,1157.75,994.25,10.95,55.95,0.731227
3.5,No,3.68884,0.188843,3.5,0,3.6,0.1,3.76071,0.260714,No,1286.75,21.5807,2008,1266.75,39.6,16.7,1.1867
2.4,No,2.39323,-0.00677355,2.2,-0.2,2.2,-0.2,2.2105,-0.1895,No,1250.25,10.9357,1249,1191.75,26.15,20.825,0.695861
1.6,No,2.02136,0.421363,2.75,1.15,1.8,0.2,1.97583,0.375833,No,1077.25,10.6392,1764,717.25,19.525,55.7,1.25115
4.4,No,3.78855,-0.611455,4,-0.4,3.5,-0.9,3.69556,-0.704444,No,1345.25,20.3543,1806,1415.75,27.5,38.05,1.37565
0.4,No,1.7349,1.3349,1.8,1.4,1.5,1.1,1.64521,1.24521,No,987.75,6.84989,1029.5,1133,4.5,54.775,0.46595
4.2,No,4.04912,-0.15088,3.95,-0.25,4,-0.2,3.92086,-0.279143,No,1479.75,20.9911,2162.25,1623,20.775,54.425,1.31945
1.2,No,1.18232,-0.0176836,1.06667,-0.133333,1.3,0.1,1.14617,-0.0538333,No,1022.25,4.0821,1004.25,830.75,17.825,30.675,0.620458
1.2,No,1.05706,-0.142939,1.1,-0.1,1.2,0,1.16857,-0.0314286,No,986,6.38532,1482,536,36.6,24.625,1.48722
2.4,No,2.14825,-0.251751,2.15,-0.25,2,-0.4,2.02156,-0.378444,No,1184,10.0033,1424.5,1225.5,19.625,49.45,1.11759
5.0,No,4.67304,-0.326963,5.6,0.6,5.2,0.2,5.11499,0.114992,No,1551.25,22.9706,1734.25,2037.75,15.275,63.2,1.0898
1.7,No,2.01135,0.311351,1.96667,0.266667,1.9,0.2,1.46726,-0.232738,No,1221.5,8.06852,1256.25,1383.5,15.075,50.175,0.854341
2.5,No,2.3272,-0.172803,2.3,-0.2,2.3,-0.2,2.12483,-0.375167,No,1072,13.0175,1621.5,1017,27.7,20.775,0.759865
6.9,No,5.1198,-1.7802,6.55,-0.35,5.8,-1.1,4.97743,-1.92257,No,1560.67,24.8383,1624,2101,9.8,52.3667,0.634862
3.3,No,3.62429,0.324288,4.025,0.725,3.4,0.1,3.06983,-0.230167,No,1384.75,17.263,1620,1494,13.425,68.1,1.04407
0.7,No,0.886032,0.186032,0.7,1.11022e-16,0.8,0.1,0.762,0.062,No,969.5,2.47766,1095.25,611.25,13.25,62.4,0.946033
1.1,No,1.58034,0.48034,1.3,0.2,1.6,0.5,1.47308,0.373083,No,990.25,8.75041,1505.75,738.75,27.45,23.8,0.857961
2.7,No,2.78546,0.0854645,2.36667,-0.333333,2.6,-0.1,2.70167,0.00166667,No,1168.75,14.8624,1666,1290.5,21.05,57.875,1.42672
1.2,No,1.08387,-0.116126,1.3,0.1,1.1,-0.1,1.1494,-0.0505952,No,983.75,4.24751,1088,629.5,21.025,36.925,0.908884
0.3,No,0.4455,0.1455,0.25,-0.05,0.4,0.1,0.458929,0.158929,No,829.75,1.96517,1264.25,608,19.95,34.5,0.795377
1.3,No,1.06853,-0.231473,1.25,-0.05,1.4,0.1,1.24229,-0.0577143,No,1052.75,4.18285,1216,616.75,25.1,34,1.06805
3.7,No,3.25948,-0.440524,3.4,-0.3,3.2,-0.5,2.97262,-0.727381,No,1321,15.84,1365.5,1279.25,25.075,21.85,0.685366
5.5,No,5.4067,-0.0933039,5.73333,0.233333,4.9,-0.6,5.4425,-0.0575,No,1581.5,26.0308,1725.25,1813.25,5.1,82.975,0.735221
5.0,No,5.1687,0.168701,4.95,-0.05,5.1,0.1,4.84683,-0.153167,No,1556.75,26.951,1980.5,1568.5,25.85,15.95,0.523665
2.4,No,2.02446,-0.375542,1.85,-0.55,1.9,-0.5,1.88998,-0.510024,No,1119.25,10.1708,1538.5,1081.5,20.125,66.725,1.55484
0.5,No,1.36183,0.861835,1.4,0.9,1.4,0.9,1.25292,0.752917,No,958.75,5.14128,974.75,807.5,11.775,35.375,0.487746
4.4,No,3.81246,-0.58754,3.4,-1,3.9,-0.5,3.92971,-0.470286,No,1449.25,19.4946,2099.5,1568.5,19.075,61.075,1.3345
2.2,No,1.76808,-0.431919,1.4,-0.8,1.5,-0.7,1.72013,-0.479869,No,1168.5,8.2583,1562.75,992.25,21.125,68.3,1.69139
1.3,No,0.870727,-0.429273,0.875,-0.425,1,-0.3,0.9,-0.4,No,957,4.10947,1322,578.5,25.35,36.9,1.17637
1.8,No,1.81648,0.0164825,1.8,0,1.9,0.1,1.78167,-0.0183333,No,1110,10.9357,1724.75,905,38.775,24.675,1.67724
0.7,No,0.772642,0.0726424,0.8,0.1,0.8,0.1,0.788631,0.088631,No,952.25,3.71145,1428.5,626.5,22.225,65.575,1.73549
2.8,No,2.34159,-0.458414,2.13333,-0.666667,2.3,-0.5,2.44517,-0.354833,No,1016.75,11.6956,1149,1023.5,18.1,21,0.432064
1.6,No,1.37734,-0.222657,1.75,0.15,1.5,-0.1,1.36338,-0.236619,No,969,6.00437,1188.5,842,14.925,53.35,0.899825
3.9,No,3.86835,-0.0316487,2.8,-1.1,3.2,-0.7,3.69819,-0.201806,No,1443.5,17.5674,1413.5,1891,9.275,55.525,0.650323
0.7,No,0.42492,-0.27508,0.7,0,0.7,0,0.723333,0.0233333,No,839.5,3.5511,1339.25,461.75,38.2,19.6,1.29149
4.0,No,3.47276,-0.527238,1.86667,-2.13333,3.1,-0.9,2.94333,-1.05667,No,1322.25,15.0685,1286.25,1446.25,2.75,63.45,0.478723
2.4,No,2.3356,-0.0644015,2.23333,-0.166667,2.2,-0.2,2.26565,-0.134345,No,1064.75,13.7965,1691,870.5,33.575,20.725,1.05897
1.8,No,1.78706,-0.0129372,1.4,-0.4,1.8,0,1.73592,-0.0640833,No,1239,6.91821,1543.25,1173.75,14.05,57,0.909449
2.3,No,2.22689,-0.0731062,1.65,-0.65,2,-0.3,2.29081,-0.00919048,No,1205.25,10.4957,1456.25,1101,21.875,45.1,1.16869
2.1,No,1.91577,-0.184234,1.65,-0.45,1.9,-0.2,1.93292,-0.167083,No,1082.75,10.6804,1524,841.5,34.025,19.225,1.00728
2.6,No,2.40067,-0.199334,2.4,-0.2,2.3,-0.3,2.478,-0.122,No,1179.75,13.1297,1662,1339,29.525,33.375,1.3562
3.5,No,2.98043,-0.519566,2.4,-1.1,2.6,-0.9,2.45468,-1.04532,No,1501,12.6094,1744.25,1130.25,17.775,48.05,0.968889
2.0,No,1.95892,-0.0410761,2,0,1.9,-0.1,1.93317,-0.0668333,No,1189,9.65215,1533,1059.75,26.45,44.925,1.52776
1.9,No,2.18125,0.281255,1.775,-0.125,1.9,0,1.84186,-0.0581429,No,1132.25,10.6667,1473.5,1125.75,18.05,67.55,1.38551
0.9,No,1.06401,0.164008,0.9,0,1,0.1,1.22417,0.324167,No,847.25,5.4931,1162.25,597.75,22.3,16.975,0.451288
1.2,No,2.27376,1.07376,2.5,1.3,2.5,1.3,2.48133,1.28133,No,1208.33,9.63024,1304.67,1349.67,11.9667,66.5667,0.929254
2.5,No,2.23651,-0.263494,2.775,0.275,2.4,-0.1,2.50198,0.00197619,No,1029.25,13.3932,1826.75,980,27.025,36.675,1.28979
1.7,No,1.92941,0.229406,2.275,0.575,2.3,0.6,2.14375,0.443754,No,1197,7.56376,1295.25,1173,12.3,81.85,1.16745
3.0,No,2.38438,-0.615623,2.5,-0.5,2.6,-0.4,2.617,-0.383,No,1202.75,10.2854,1350,1314.5,10.2,78.4,0.975707
2.8,No,2.72711,-0.0728905,2.875,0.075,2.6,-0.2,2.68472,-0.115278,No,1156.75,14.4539,1675,1157,19.55,69.675,1.56746
3.4,No,3.22453,-0.175469,3.66667,0.266667,3.2,-0.2,3.20799,-0.192009,No,1233.75,18.5985,2018.75,1349.25,30.675,32.225,1.39834
0.8,No,0.919473,0.119473,0.8,1.11022e-16,0.8,0,0.795,-0.005,No,958,4.61547,1419,902.75,22.125,54.5,1.43372
1.1,No,1.34204,0.242044,1.45,0.35,1.4,0.3,1.45222,0.352222,No,920.5,5.15637,885.25,632.25,12.975,27.425,0.408521
4.8,No,3.73248,-1.06752,3.55,-1.25,3.9,-0.9,3.76132,-1.03868,No,1288,17.6184,1333.25,1502,8.25,40.3,0.441093
5.9,No,4.48084,-1.41916,3.96667,-1.93333,4.3,-1.6,4.21275,-1.68725,No,1435.5,22.7332,1808.25,1626,15.15,62.2,1.06413
3.5,No,3.90833,0.40833,3.8,0.3,3.5,0,3.64467,0.144667,No,1335.75,21.0736,1922.5,1254.75,26.35,27.525,0.930579
0.6,No,0.586648,-0.0133522,0.8,0.2,0.6,0,0.648905,0.0489048,No,847.5,3.66782,1411.75,733.5,25.525,35.7,1.1499
2.0,No,2.38411,0.384114,2.1,0.1,2.5,0.5,2.53942,0.539417,No,1254.5,10.1372,1438.5,1268,12.2,65.625,0.930011
1.0,No,1.39215,0.392153,1.33333,0.333333,1.4,0.4,1.2575,0.2575,No,934.5,8.14787,1675.25,953.75,20.525,54.75,1.30729
1.5,No,1.33049,-0.16951,1.525,0.025,1.2,-0.3,1.23574,-0.26426,No,961.75,7.54007,1484.25,1049.75,24.425,45.65,1.37787
1.2,No,1.10727,-0.0927326,1.1,-0.1,1.2,0,1.29975,0.099746,No,1018.75,6.66913,1565,728.75,37.25,20.475,1.28127
2.7,No,2.71697,0.0169722,2.725,0.025,2.7,0,2.6315,-0.0685,No,1228.5,13.9269,1722.5,1247.25,19.675,73.7,1.67076
0.9,No,0.893346,-0.00665445,0.45,-0.45,0.8,-0.1,0.622429,-0.277571,No,1023.5,2.66089,1240,544.25,16.225,71.95,1.31711
1.6,No,1.34012,-0.259876,1.6,0,1.5,-0.1,1.545,-0.055,No,1058,7.88062,1647.75,824.75,33.925,34.075,1.77542
1.5,No,2.23326,0.733261,1.55,0.05,2,0.5,2.27233,0.772333,No,1066.75,10.0769,1104.25,1383,10.875,33.775,0.439266
1.7,No,2.21328,0.513279,1.93333,0.233333,1.9,0.2,1.98829,0.288286,No,1182,11.0469,1572,1210,21.825,58.2,1.50362
0.6,No,0.789643,0.189643,0.7,0.1,0.6,0,0.634333,0.0343333,No,879.75,1.36135,948.25,499.25,3.5,80.6,0.640323
1.4,No,1.1794,-0.220598,1.1,-0.3,1.1,-0.3,1.04979,-0.350214,No,1031.75,3.57259,1109,878,9.8,70.7,0.857124
2.4,No,2.4986,0.098605,1.86667,-0.533333,2.4,0,2.36145,-0.0385476,No,1117.25,14.0347,1791.25,1322.75,24.5,34.325,1.04066
1.7,No,1.5854,-0.114598,2.03333,0.333333,1.8,0.1,1.70792,0.00791667,No,987.5,7.18855,1190,894.75,15.55,46.6,0.817615
0.4,No,0.472027,0.0720266,0.6,0.2,0.6,0.2,0.709202,0.309202,No,740.75,2.14882,1079.75,685.5,14.4,54.475,0.888723
0.9,No,1.52441,0.624406,1.3,0.4,1.5,0.6,1.49724,0.597238,No,1068.25,6.07976,1263.5,1011,12.575,71.5,1.03804
1.9,No,2.15279,0.252792,2.35,0.45,2.2,0.3,1.9569,0.0569048,No,1084.75,10.7216,1453.75,815.5,21.025,25.45,0.626435
4.8,No,2.76482,-2.03518,2.26667,-2.53333,2.7,-2.1,2.91222,-1.88778,No,1256.25,11.4823,1230,1371,6.325,60.375,0.581107
2.2,No,2.52686,0.326859,2.05,-0.15,2.4,0.2,2.20938,0.00938095,No,1215.5,12.0041,1311.25,1243.75,23.35,23.8,0.67384
0.5,No,0.620149,0.120149,0.5,0,0.4,-0.1,0.448333,-0.0516667,No,766,0.54471,734.25,320.5,1,54.725,0.365653
0.3,No,0.329428,0.0294277,0.475,0.175,0.4,0.1,0.405,0.105,No,845,0.747676,1278,378.25,16.525,53.875,1.00494
3.4,No,3.20756,-0.19244,3.9,0.5,3.2,-0.2,2.70224,-0.697758,No,1255.75,14.4226,1315.5,1310.5,6.975,56.3,0.566035
2.1,No,2.1007,0.000700526,2.2,0.1,2.1,0,2.15462,0.054619,No,1043.75,11.7027,1608.75,1075.75,23.3,47.05,1.32814
3.9,No,3.68552,-0.21448,3.95,0.05,3.5,-0.4,3.81019,-0.0898095,No,1393.75,19.1235,1869,1442,22.95,61.55,1.70144
3.6,No,4.09191,0.49191,3.93333,0.333333,3.9,0.3,3.97976,0.379762,No,1427.75,19.6991,1579.5,1628.75,13.15,61.825,0.931331
3.3,No,3.44769,0.147686,3.45,0.15,3.6,0.3,3.58067,0.280667,No,1253.25,15.9865,1267.5,1387.25,8.475,39.025,0.433554
1.1,No,1.20672,0.106716,0.933333,-0.166667,1.3,0.2,1.1708,0.0707976,No,937.5,3.5468,870.25,840.25,4.85,43.725,0.380916
6.1,No,5.64858,-0.451416,6.55,0.45,5.2,-0.9,5.47798,-0.622024,No,1567.25,27.9572,1847.5,1913,5.025,69.4,0.611815
1.4,No,1.12769,-0.272306,1.3,-0.1,1.2,-0.2,1.26607,-0.133933,No,928.75,6.27546,1561,692,22.375,43.575,1.1637
2.5,No,2.31351,-0.186487,1.9,-0.6,2.1,-0.4,2.51919,0.0191926,No,1162.5,11.0539,1363,1338.75,18.625,49.05,1.04246
1.5,No,1.5384,0.0383993,1.73333,0.233333,1.6,0.1,1.69361,0.193611,No,1101.75,5.99901,1178,1042.25,16.45,46.55,0.864238
0.8,No,0.909181,0.109181,1.15,0.35,0.9,0.1,0.835571,0.0355714,No,860.75,5.98291,1408.75,508.75,33.25,19.2,0.963395
1.4,No,1.32907,-0.0709314,1.46667,0.0666667,1.4,-2.22045e-16,1.41496,0.0149603,No,906.75,4.78968,818.75,682,9.675,26.825,0.322553
2.9,No,3.04841,0.148407,2.4,-0.5,2.7,-0.2,2.719,-0.181,No,1300,13.8731,1291,1845,12.825,46.9,0.691926
3.0,No,2.88404,-0.115957,3,0,2.9,-0.1,3.05217,0.0521667,No,1120.5,17.1452,1911.75,1120.25,31.425,25.275,1.14445
0.5,No,0.346917,-0.153083,0.5,0,0.5,0,0.505778,0.00577778,No,795.5,2.54432,1425,593.5,23.025,58.425,1.62233
2.3,No,2.13438,-0.165619,1.8,-0.5,2.1,-0.2,2.10133,-0.198667,No,1198,9.34522,1588.25,1018.5,13.175,55.975,0.844558
0.8,No,0.691777,-0.108223,0.8,0,0.6,-0.2,0.591012,-0.208988,No,872.25,3.96437,1521.75,599.25,21.325,58.125,1.45697
2.0,No,2.20213,0.202127,1.95,-0.05,2.1,0.1,2.17933,0.179333,No,1095.5,13.0848,1758.5,910,35.925,19.625,1.14217
1.1,No,0.715408,-0.384592,1.23333,0.133333,1,-0.1,0.982917,-0.117083,No,955,5.05613,1596.5,620.25,37.1,30.55,1.89617
0.8,No,0.514879,-0.285121,0.85,0.05,0.7,-0.1,0.88925,0.08925,No,884.5,2.77967,1247.5,483.5,29.925,29.575,1.22962
0.7,No,0.745028,0.0450282,0.7,1.11022e-16,0.7,0,0.616798,-0.0832024,No,933.25,2.58168,1331.5,883.75,13.05,57.9,0.866633
3.6,No,3.2883,-0.311702,4.175,0.575,3.4,-0.2,2.9578,-0.642202,No,1288.75,14.7362,1316.5,1532,6.55,67.625,0.660801
3.6,No,3.51898,-0.0810177,3.5,-0.1,3.6,0,3.8181,0.218095,No,1210.25,20.7081,2030.25,1278,32.525,25.25,1.2165
0.3,No,0.568106,0.268106,0.2,-0.1,0.4,0.1,0.320774,0.0207738,No,874.75,2.52944,1330.75,656.25,19.975,41.45,0.957066
1.4,No,1.16651,-0.23349,1.35,-0.05,1.2,-0.2,1.24783,-0.152167,No,835.25,3.59414,719.5,629.5,2.8,30.3,0.2294
3.1,No,3.04643,-0.0535671,2.7,-0.4,3,-0.1,3.17119,0.0711905,No,1262.5,12.7053,1198.25,1403,2.025,63.6,0.456383
0.9,No,0.722288,-0.177712,0.675,-0.225,0.8,-0.1,0.879167,-0.0208333,No,886,4.61067,1589.5,699.75,24.125,61.85,1.83389
0.7,No,0.752934,0.0529343,0.85,0.15,0.8,0.1,0.7325,0.0325,No,836.25,2.85748,1306,727,7.7,70.725,0.746322
0.7,No,0.377663,-0.322337,0.6,-0.1,0.5,-0.2,0.434667,-0.265333,No,784.75,1.96517,1311,416.5,19.425,45.875,1.02416
2.8,No,2.5194,-0.280597,2.4,-0.4,2.7,-0.1,2.63474,-0.165262,No,1057.67,14.6968,1699.33,1318,26.7333,28.8667,0.998059
2.9,No,2.79299,-0.107008,2.85,-0.05,2.7,-0.2,2.88667,-0.0133333,No,1139.5,15.2119,1659.75,1104.5,23.6,42.8,1.23
0.2,No,0.364395,0.164395,0.3,0.1,0.3,0.1,0.296,0.096,No,726,0.504816,942,362.5,8.05,68.6,0.740943
4.5,No,4.23325,-0.266751,3.4,-1.1,4,-0.5,3.94533,-0.554667,No,1395.25,22.6385,2032.25,1675,21.875,35.225,0.912799
1.4,No,1.22434,-0.175662,1.6,0.2,1.3,-0.1,1.31533,-0.0846667,No,919,7.12488,1292.75,696.75,31.65,20.85,0.956177
1.4,No,1.2655,-0.134496,1.5,0.1,1.2,-0.2,1.35098,-0.0490238,No,1019.5,4.76532,1397.75,838.75,9.3,75,0.879866
1.3,No,1.37475,0.0747463,1.6,0.3,1.4,0.1,1.36869,0.0686905,No,996.5,4.77019,952.25,723.5,11.825,34.4,0.475839
2.9,No,3.3937,0.493697,3.75,0.85,3.5,0.6,3.2556,0.355595,No,1272.25,17.3305,1353,1250.75,28.375,16.025,0.609485
1.4,No,1.14618,-0.253816,1.25,-0.15,1.2,-0.2,1.21726,-0.182738,No,836.5,6.00437,1170.5,624,19.8,31.2,0.712729
3.7,No,4.04381,0.343806,4.05,0.35,4,0.3,3.9859,0.285905,No,1220.5,23.3334,2138.25,1412.25,23.325,38.625,1.09194
6.2,No,6.24469,0.0446851,5.225,-0.975,6.2,0,5.8214,-0.378595,No,1819.25,31.3188,2455.5,1715.5,13.6,58.825,0.912018
1.4,No,1.45528,0.0552775,1.7,0.3,1.6,0.2,1.6375,0.2375,No,1031.25,8.7378,1722,809.25,30.5,44.4,1.90756
0.6,No,1.00486,0.404863,0.85,0.25,0.7,0.1,0.659833,0.0598333,No,961.5,5.81236,1507,1065.75,27.55,33.95,1.23099
0.7,No,0.66778,-0.0322203,0.8,0.1,0.7,0,0.689476,-0.0105238,No,795,1.80462,958.75,429.25,8.15,57.875,0.629267
4.3,No,3.98657,-0.31343,4.5,0.2,4.3,0,4.0619,-0.238095,No,1559.25,18.939,2046.5,1373.25,15.725,62.525,1.10918
1.0,No,0.570494,-0.429506,0.825,-0.175,0.6,-0.4,0.622143,-0.377857,No,869.5,1.56421,1078.25,515.25,15.425,55.85,0.97222
3.6,No,3.87172,0.271716,3.325,-0.275,3.8,0.2,3.86386,0.263857,No,1416.25,19.5035,1738.5,1441.75,20.8,58.725,1.42586
1.3,No,1.10572,-0.194276,1.3,0,1.2,-0.1,1.20393,-0.0960714,No,948.75,5.82296,1365.25,740,25.425,35.15,1.12554
3.3,No,3.41001,0.110011,4.5,1.2,3.4,0.1,3.35298,0.0529762,No,1364,16.7274,1875,1250.25,16.275,47.05,0.863995
2.5,No,2.42496,-0.0750406,2.4,-0.1,2.5,0,2.46925,-0.03075,No,1151.75,13.4462,1630.5,1093.25,30.85,31.975,1.40137
3.2,No,2.7249,-0.475099,3.2,0,3,-0.2,2.6459,-0.554095,No,1169.75,13.3403,1469.75,1194.5,15.175,58.4,1.00069
2.6,No,2.05017,-0.549832,2.2,-0.4,2.2,-0.4,2.28896,-0.311036,No,1061.75,8.08071,1141,719.75,4.225,77.75,0.649102
4.7,No,4.91014,0.210139,4.575,-0.125,4.7,0,5.06175,0.36175,No,1508,24.4656,1773.25,1733,12.95,61.45,0.913888
2.0,No,2.04422,0.0442222,2.1,0.1,2,0,2.03708,0.0370833,No,1076,12.1561,1734.25,992.75,34.4,21.025,1.12479
0.8,No,2.45756,1.65756,2.96667,2.16667,2.8,2,2.45286,1.65286,No,1165.5,10.0836,993,1444.5,7.975,36.025,0.387169
1.1,No,1.22422,0.12422,1.5,0.4,1.5,0.4,1.40756,0.30756,No,969.75,7.88062,1649.25,756,32.475,40.55,1.94814
4.8,No,5.22727,0.427273,5.05,0.25,5,0.2,4.94589,0.145889,No,1360.25,30.4444,2524.75,1625.75,23.675,49.025,1.41521
0.5,No,0.480884,-0.0191162,0.4,-0.1,0.5,0,0.350667,-0.149333,No,690.75,0.734469,697.75,357.25,5.55,37.7,0.344387
4.8,No,3.34776,-1.45224,4.175,-0.625,3.8,-1,3.45125,-1.34875,No,1348.5,14.5947,1298.5,1810.25,5.7,61.3,0.565676
4.5,No,4.71437,0.214371,3.8,-0.7,5.8,1.3,5.32466,0.824659,No,1522.25,22.5252,1526,2103.75,10.2,53.1,0.660842
0.8,No,0.853107,0.0531069,1.1,0.3,0.9,0.1,0.879929,0.0799286,No,908.25,4.39219,1310.75,721.75,23.5,44.65,1.27553
0.9,No,0.95507,0.0550702,0.966667,0.0666667,0.9,0,0.863333,-0.0366667,No,799.25,2.46662,699,382.25,3.3,33.075,0.259179
1.5,No,1.33287,-0.167133,1.46667,-0.0333333,1.4,-0.1,1.44733,-0.0526667,No,904.5,4.67324,850.25,691.25,6.95,33.55,0.336745
1.4,No,1.16353,-0.236467,1.4,0,1.4,0,1.40467,0.00466667,No,941.25,5.36448,1328,667.75,18.35,32.35,0.675956
0.8,No,0.953975,0.153975,0.65,-0.15,0.8,0,0.718667,-0.0813333,No,879.5,2.47766,893,928.25,3.075,59.675,0.460439
2.2,No,2.41062,0.210625,2.55,0.35,2.3,0.1,2.28857,0.0885714,No,1192.25,9.96329,1290.25,1110.25,7.3,70.025,0.719488
2.6,No,2.61847,0.0184659,2.3,-0.3,2.8,0.2,2.72917,0.129167,No,1185.75,12.8016,1404.25,1328,18.6,49.25,1.04509
1.8,No,1.81355,0.0135452,2.15,0.35,1.7,-0.1,1.57317,-0.226833,No,1060.75,9.57993,1553.5,1395,19.15,74.7,1.63975
1.5,No,1.67668,0.176678,1.66667,0.166667,1.7,0.2,1.64931,0.14931,No,1031.5,9.91003,1799.5,982.25,26.2,49.4,1.65553
1.2,No,1.05325,-0.146751,1.05,-0.15,1.1,-0.1,1.02158,-0.178417,No,963.75,3.66346,1292.25,572.75,10.575,57.725,0.736217
1.9,No,1.53159,-0.368412,1.56667,-0.333333,1.5,-0.4,1.5475,-0.3525,No,1030.25,6.34128,1130.25,869.25,16.075,41,0.74351
0.9,No,0.928334,0.0283337,0.9,0,0.8,-0.1,0.859464,-0.0405357,No,864.75,5.40037,1445.5,838,21.35,46.975,1.17926
4.4,No,3.93593,-0.464073,3.775,-0.625,3.6,-0.8,3.52517,-0.874833,No,1468.25,19.9852,1853.5,1590,22.65,59.5,1.61545
4.3,No,4.26444,-0.0355642,4.3,0,4,-0.3,3.76995,-0.530048,No,1200.5,24.9663,2249.25,1377.5,21.7,44.15,1.13205
0.9,No,0.918238,0.0182382,0.966667,0.0666667,1,0.1,0.795595,-0.104405,No,902.75,4.70223,1372.75,801.25,19.375,63.525,1.41385
1.4,No,1.17793,-0.222068,1.25,-0.15,1.2,-0.2,1.16883,-0.231167,No,856.75,6.01512,1183.25,622.25,19.325,34.75,0.771047
2.4,No,2.49537,0.0953726,2.9,0.5,2.3,-0.1,2.28367,-0.116333,No,1106.25,13.4008,1552,941,26.725,17.1,0.590941
1.7,No,2.01262,0.312617,2.13333,0.433333,2.1,0.4,2.02302,0.323024,No,1117.75,8.38174,1289.25,1059.25,9.275,76.9,0.900673
1.1,No,1.24416,0.144161,1.2,0.1,1.2,0.1,0.945,-0.155,No,986.333,3.49547,884,1204.67,3.83333,45.8667,0.372806
1.3,No,1.35068,0.0506834,1.43333,0.133333,1.3,0,1.23133,-0.0686667,No,972.75,4.30793,1004.25,853.5,3.475,80.775,0.640613
1.7,No,1.55563,-0.144367,1.7,0,1.7,0,1.6855,-0.0145,No,1032,9.0042,1702.5,732.75,30.075,30.9,1.29577
3.3,No,2.8554,-0.444604,2.75,-0.55,2.8,-0.5,2.77267,-0.527333,No,1204.75,12.8461,1168.25,1475.5,11.025,32.975,0.433068
1.9,No,2.20968,0.309676,1.9,0,2.2,0.3,2.0536,0.153598,No,1264,11.0469,1650,1061.5,28.925,44.3,1.73916
4.3,No,4.00855,-0.291453,3.7,-0.6,3.8,-0.5,4.14455,-0.155452,No,1329.25,22.318,1767.5,1894.25,31.15,25.525,1.1379
2.3,No,2.79039,0.490395,2.96667,0.666667,2.8,0.5,3.18317,0.883167,No,1249.5,12.5505,1457,1202,10.65,73.65,0.943928
0.6,No,0.611468,0.0114681,0.425,-0.175,0.5,-0.1,0.5225,-0.0775,No,821.75,0.942984,876,453.25,7.125,56.025,0.568951
2.3,No,3.73798,1.43798,3.775,1.475,3.4,1.1,3.66452,1.36452,No,1352.25,19.9762,1845.5,1336.5,26.4,45.925,1.55721
3.8,No,3.10657,-0.693431,3.05,-0.75,3.1,-0.7,3.1845,-0.6155,No,1253.5,16.8106,1655.25,1337.75,29.95,31.4,1.30736
0.6,No,0.535774,-0.0642262,0.466667,-0.133333,0.6,0,0.620143,0.0201429,No,876.75,3.09233,1530.25,778.5,21.15,60.85,1.50918
1.0,No,1.00499,0.00499257,1.23333,0.233333,1.1,0.1,1.07868,0.0786786,No,937.5,3.91949,1319.5,641.5,12.95,47.85,0.711628
5.0,No,4.82503,-0.17497,5.85,0.85,5.2,0.2,4.84272,-0.157278,No,1396.25,24.6027,1799.25,1546.75,9.55,78.3,0.933809
2.1,No,1.80688,-0.293117,2.1,0,2.1,0,1.73267,-0.367333,No,1117.5,6.38532,1058.25,1312.75,5.675,59.95,0.552285
1.7,No,2.04542,0.345421,1.8,0.1,1.6,-0.1,1.78752,0.0875238,No,1247,9.55373,1569,1111.75,23.775,56.125,1.62984
4.0,No,3.1882,-0.8118,3.1,-0.9,3.8,-0.2,3.57485,-0.425155,No,1024.75,16.7357,1262.5,1190.75,12.7,28.925,0.423324
1.4,No,1.19238,-0.207619,1.33333,-0.0666667,1.2,-0.2,1.40467,0.00466667,No,1021.5,4.62027,1209.5,846.5,16.5,59.175,1.10208
3.2,No,3.73883,0.538825,3.25,0.05,3.5,0.3,3.62867,0.428667,No,1373.5,17.9854,1569,1532.25,13.75,57.9,0.906313
2.2,No,2.48265,0.282648,2.375,0.175,2.6,0.4,2.81012,0.610121,No,1189.25,11.2988,1315.5,1331.75,14.2,54.05,0.870652
3.9,No,4.01293,0.112935,3.525,-0.375,3.9,0,3.87158,-0.0284167,No,1496.25,19.1235,2011.25,1398.75,10.975,64.15,0.83976
2.0,No,1.7728,-0.227202,1.56667,-0.433333,1.9,-0.1,1.79286,-0.207143,No,1009.5,8.9341,1443.5,949.25,18.55,31.25,0.661087
1.1,No,0.985631,-0.114369,0.25,-0.85,1,-0.1,1.03238,-0.067619,No,866,2.40811,809.5,578.5,3.3,47.425,0.371627
4.8,No,4.63762,-0.162379,5.3,0.5,4.8,0,4.36683,-0.433167,No,1425,23.3334,1536,1977.5,15,41.4,0.701592
0.4,No,0.331047,-0.0689533,0.533333,0.133333,0.5,0.1,0.453333,0.0533333,No,851.25,2.06633,1431.5,500.5,24.95,53.125,1.65411
0.8,No,0.980121,0.180121,0.8,1.11022e-16,0.8,0,0.795357,-0.00464286,No,930,2.35021,864.25,928,5.725,50.075,0.462873
2.9,No,3.15054,0.250538,3.66667,0.766667,3,0.1,2.88877,-0.0112262,No,1310.75,15.9294,1769.25,1208.25,20.175,66.925,1.56427
3.2,No,2.96448,-0.235523,2.96667,-0.233333,2.9,-0.3,2.89451,-0.305488,No,1326,14.634,1759.5,1549.75,20.25,38.1,0.894612
0.9,No,0.830735,-0.0692654,0.9,0,0.8,-0.1,0.8205,-0.0795,No,998,2.09368,1146.75,820.25,12.75,71.2,1.04538
2.6,No,4.11063,1.51063,3.93333,1.33333,3.9,1.3,3.95883,1.35883,No,1450.75,20.066,1744.25,1633.5,14.05,65.35,1.04268
0.6,No,0.780615,0.180615,0.8,0.2,0.8,0.2,0.814167,0.214167,No,941.75,4.21513,1573,698,23.05,54.575,1.51769
4.2,No,4.05495,-0.145046,4.4,0.2,4,-0.2,4.11505,-0.0849524,No,1314.75,22.7237,1688.5,1398.5,37.625,14.525,0.927682
1.3,No,1.417,0.117,0.975,-0.325,1.4,0.1,1.35764,0.0576429,No,988.75,4.97654,1076.25,958.75,5.325,80.4,0.723351
2.7,No,2.41193,-0.288067,2.55,-0.15,2.5,-0.2,2.3625,-0.3375,No,1010.5,14.1584,1679.75,1070.5,26.125,24.675,0.823301
1.5,No,1.77101,0.271008,1.65,0.15,1.9,0.4,1.8695,0.3695,No,996.5,9.8105,1573,929.5,23.625,30.1,0.866311
2.9,No,2.87281,-0.0271868,3,0.1,3.1,0.2,3.13458,0.234583,No,1160.25,16.9274,1925.25,1330,31.45,28.625,1.29797
1.2,No,1.11159,-0.0884145,0.766667,-0.433333,1.1,-0.1,0.918333,-0.281667,No,971.5,3.35177,1032,882.25,7.9,69.325,0.741348
0.9,No,0.831627,-0.0683733,0.966667,0.0666667,0.9,0,0.795357,-0.104643,No,939.75,3.05599,1052,470.75,22.625,33.225,0.900723
1.6,No,1.33578,-0.264217,1.5,-0.1,1.4,-0.2,1.34667,-0.253333,No,928,5.54491,951,608.75,17.05,25.325,0.488141
1.7,No,1.70857,0.00857141,1.7,0,1.8,0.1,1.78867,0.0886667,No,963.5,9.19657,1328.25,907,23.675,29.575,0.853742
4.5,No,4.3194,-0.180599,4.425,-0.075,4.1,-0.4,4.46671,-0.0332857,No,1289.5,21.906,1386.25,1638,13.7,28.075,0.43806
2.8,No,1.81547,-0.984525,1.46667,-1.33333,1.7,-1.1,1.26625,-1.53375,No,1098,7.03845,1211,1006,8.225,78.35,0.856139
1.1,No,0.866671,-0.233329,0.95,-0.15,1,-0.1,0.946786,-0.153214,No,900.667,3.14513,1124.33,713.667,13.3333,65.2667,0.994785
1.5,No,1.2458,-0.254196,1.4,-0.1,1.4,-0.1,1.4785,-0.0215,No,1033.5,6.84989,1642.5,803,27.3,44.075,1.57505
1.0,No,0.690689,-0.309311,1,0,1,0,0.925333,-0.0746667,No,860.25,4.69256,1344.25,532,34.325,22.475,1.19736
1.9,No,1.83171,-0.0682885,1.73333,-0.166667,1.8,-0.1,1.83833,-0.0616667,No,1132.5,10.1574,1896.75,975.75,26.575,47.625,1.63146
1.5,No,1.48182,-0.0181789,1.45,-0.05,1.4,-0.1,1.39654,-0.103464,No,974,4.98646,864.75,1076.25,4.225,40.925,0.341666
0.6,No,0.627351,0.0273511,0.7,0.1,0.9,0.3,0.984571,0.384571,No,944,4.34529,1494.5,560,37.45,28.15,1.78085
1.3,No,1.54297,0.24297,1.53333,0.233333,1.5,0.2,1.60708,0.307083,No,1052.5,8.83889,1658,1256.75,27.725,40.5,1.48347
0.9,No,0.821335,-0.0786651,0.833333,-0.0666667,0.8,-0.1,0.854476,-0.0455238,No,862.5,1.60377,741.5,418.5,8.2,30.075,0.328088
2.2,No,2.23657,0.0365712,2.1,-0.1,2.3,0.1,2.41607,0.216071,No,1050.5,13.3177,1675,966.25,32.4,26.325,1.25941
0.5,No,0.749919,0.249919,0.75,0.25,0.7,0.2,0.759727,0.259727,No,894.5,3.60709,1249.5,708.5,22.375,43.525,1.16236
2.7,No,2.4881,-0.211897,2.63333,-0.0666667,2.1,-0.6,2.36895,-0.331048,No,1105.75,14.1506,1812.75,1201.75,25.5,34.1,1.09675
6.2,No,4.78886,-1.41114,4.46667,-1.73333,4.8,-1.4,4.65271,-1.54729,No,1739,21.3311,1689,1832,11.275,78.325,1.0455
1.4,No,1.66974,0.269745,1.7,0.3,1.5,0.1,1.62956,0.229563,No,992,6.69724,990.25,552,13.1,26.575,0.399045
3.9,No,3.66839,-0.231614,2.75,-1.15,3.4,-0.5,3.36725,-0.53275,No,1384.25,18.8865,2143.25,1307.25,16.375,72.4,1.33786
2.2,No,2.41193,0.21193,3.5,1.3,2.5,0.3,2.5691,0.369095,No,1056.75,10.7079,1204.25,1079.5,3.975,83.1,0.682018
1.7,No,1.5351,-0.164902,1.475,-0.225,1.3,-0.4,1.53958,-0.160417,No,1057.5,7.97736,1469.5,977,26.35,38.25,1.29318
0.9,No,0.975116,0.0751163,0.75,-0.15,0.8,-0.1,0.843952,-0.0560476,No,913.5,5.77005,1608.75,908.25,22.325,50.65,1.34858
2.8,No,2.60608,-0.193924,2.375,-0.425,2.5,-0.3,2.46155,-0.338452,No,1310,11.8889,1351,1526.5,23.1,27.3,0.761468
0.4,No,0.629438,0.229438,0.4,0,0.5,0.1,0.401667,0.00166667,No,851.25,0.488116,918.25,377,3.4,85.375,0.673618
2.3,No,1.99756,-0.302436,2.56667,0.266667,2.2,-0.1,2.2841,-0.0158968,No,1109.25,7.92893,1132,1242.25,7.5,58.7,0.611229
1.8,No,1.97255,0.172553,2.06667,0.266667,2,0.2,1.74133,-0.0586667,No,1109.5,11.1936,1724.25,971.25,32.35,23.625,1.12706
1.2,No,1.74537,0.545365,1.8,0.6,1.9,0.7,1.74483,0.544833,No,1083,6.35228,1067,1273.25,5.975,62.65,0.588961
4.4,No,4.71724,0.317238,4.85,0.45,4.5,0.1,4.47517,0.0751667,No,1460,25.0157,1931.75,1603.75,23.025,49.05,1.36201
0.8,No,0.875096,0.0750955,1.1,0.3,0.8,1.11022e-16,1.13524,0.335238,No,746,3.52538,764.25,484.25,13.175,18.8,0.283657
0.5,No,0.623988,0.123988,0.625,0.125,0.6,0.1,0.581194,0.0811944,No,926.5,1.93524,1370,561.5,14.45,61.35,1.00407
0.6,No,0.440925,-0.159075,0.7,0.1,0.6,0,0.613698,0.0136984,No,815,3.28919,1538,774.25,22.575,63.4,1.71361
3.0,No,2.52785,-0.47215,2.56667,-0.433333,2.5,-0.5,2.4119,-0.588095,No,1163,12.5211,1615.75,977.25,17.8,37.475,0.756826
0.9,No,1.34765,0.447651,1.23333,0.333333,1.1,0.2,1.29806,0.398065,No,976,7.03271,1547.25,838.5,20.025,47.625,1.10301
2.4,No,2.61555,0.215552,3.1,0.7,2.5,0.1,2.63433,0.234333,No,1282.75,12.338,1434,1293.5,23.475,34.975,0.997652
2.0,No,1.34131,-0.658693,1.2,-0.8,1.2,-0.8,1.04088,-0.959119,No,1039.75,3.60277,919.75,1089.5,3.675,62.925,0.50594
2.6,No,2.24821,-0.351793,2.26667,-0.333333,2.3,-0.3,2.23528,-0.364722,No,1057.75,9.57993,1058,1152.75,6.025,47.575,0.448754
4.1,No,4.04852,-0.0514799,3.9,-0.2,4.1,0,3.94393,-0.156071,No,1441.75,20.1649,1952.25,1372.25,15.85,50.275,0.898909
3.1,No,2.46811,-0.631892,2.5,-0.6,2.6,-0.5,2.8421,-0.257905,No,1191.5,11.7098,1441,1405.25,15.925,58.95,1.059
3.1,No,3.14654,0.046541,2.3,-0.8,3.1,0,3.37333,0.273333,No,1323.25,14.8624,1405.25,1568.25,18.8,33.45,0.718621
0.5,No,0.520213,0.0202127,0.45,-0.05,0.6,0.1,0.566,0.066,No,845.5,1.64993,1211.5,405.5,15.625,43.4,0.765076
1.2,No,0.688021,-0.511979,0.55,-0.65,1,-0.2,0.821143,-0.378857,No,886,2.32506,1142.5,611,14.925,65.325,1.1018
1.3,No,1.66958,0.369584,1.45,0.15,1.6,0.3,1.75932,0.459317,No,1116.5,5.90804,1177.5,1109,7.925,68.375,0.732405
2.8,No,2.45545,-0.344553,2.7,-0.1,2.5,-0.3,2.54517,-0.254833,No,1258.25,11.717,1700.75,1281.75,19.15,39.6,0.869266
1.5,No,1.4809,-0.0190981,1.36667,-0.133333,1.6,0.1,1.68625,0.18625,No,1134.5,6.66913,1652.75,972.75,18.9,62.55,1.35209
3.3,No,2.99567,-0.304329,3.13333,-0.166667,3.2,-0.1,3.17,-0.13,No,1289,15.38,1765.25,1289,21.275,70.325,1.75744
1.6,No,1.16265,-0.437345,1.33333,-0.266667,1.3,-0.3,1.2556,-0.344405,No,1047.5,6.30833,1636.5,747.25,28.85,41.35,1.61635
4.0,No,4.07958,0.0795841,3.25,-0.75,4,0,4.15076,0.150762,No,1383.5,19.7526,1571,1568,10.8,69.5,0.89949
1.3,No,1.78678,0.486784,1.475,0.175,1.8,0.5,1.76767,0.467667,No,1091.75,6.42396,1142.75,1090.25,4.325,76.075,0.639467
2.0,No,1.57644,-0.423557,1.8,-0.2,1.8,-0.2,1.76367,-0.236333,No,1020.75,5.91871,1048.25,1097.5,7.9,59.2,0.633073
1.6,No,2.22237,0.622368,1.6,0,1.8,0.2,1.8855,0.2855,No,1147.75,11.9609,1883.25,1167.75,20.475,66.85,1.59136
2.1,No,1.6977,-0.402303,1.85,-0.25,1.8,-0.3,1.89821,-0.201786,No,1066.75,10.4753,1729.75,1092.75,35.625,29.775,1.70453
5.8,No,5.43656,-0.363439,5.36667,-0.433333,5.9,0.1,5.58291,-0.217087,No,1399.5,27.8022,1526.75,1869.25,8.925,31.425,0.359663
0.6,No,0.432039,-0.167961,0.825,0.225,0.7,0.1,0.761667,0.161667,No,823.5,3.51255,1270,393,38.075,18.55,1.21405
1.5,No,1.59801,0.0980072,1.66667,0.166667,1.6,0.1,1.74905,0.249048,No,987,5.96683,939.25,829.75,8.45,36.3,0.402614
0.9,No,1.30525,0.405252,1.43333,0.533333,1.4,0.5,1.39107,0.491071,No,1021,5.74368,1482.5,1018.5,14,59.725,0.949898
1.9,No,1.807,-0.0930012,1.8,-0.1,1.8,-0.1,1.77992,-0.120083,No,1037.75,6.55721,971.5,914.5,4.575,39.375,0.336663
0.7,No,0.832513,0.132513,1.15,0.45,1,0.3,0.9725,0.2725,No,791.25,3.87482,1153.5,748.25,11.925,62.675,0.872576
2.6,No,2.2267,-0.373303,2.35,-0.25,2.2,-0.4,2.2745,-0.3255,No,1026,13.3177,1628.75,1223.5,31.35,19.15,0.863434
7.3,No,6.96642,-0.333578,7.5,0.2,7.3,0,7.67406,0.37406,No,1820.75,35.4121,2119.25,2200.5,13.625,70.95,1.10176
2.9,No,2.81183,-0.0881696,2.675,-0.225,2.6,-0.3,2.52119,-0.37881,No,1251.5,15.6214,1937.5,1352.25,28.1,47.425,1.77528
0.5,No,0.772728,0.272728,0.55,0.05,0.4,-0.1,0.617083,0.117083,No,953,1.97853,1043,895.25,13.325,54.4,0.828715
1.0,No,0.85811,-0.14189,0.95,-0.05,1,0,0.892679,-0.107321,No,889.25,3.13698,1114.5,735.25,12.85,64.725,0.956436
4.5,No,4.64339,0.143391,3.3,-1.2,4.8,0.3,4.73408,0.234083,No,1533,21.368,1433.5,2118,5.775,54.125,0.502001
2.8,No,2.91016,0.11016,3.225,0.425,2.9,0.1,3.08494,0.28494,No,1283,14.0193,1751,1188.25,15.475,50.075,0.874442
1.0,No,0.967382,-0.0326181,0.75,-0.25,0.8,-0.2,0.834903,-0.165097,No,920.75,2.13498,867.25,479.25,6.35,49.65,0.478683
0.6,No,0.639637,0.039637,0.65,0.05,0.6,0,0.674524,0.0745238,No,884,3.56399,1438.75,651,22.925,56.125,1.54916
0.7,No,1.00014,0.300144,0.7,-1.11022e-16,0.9,0.2,0.96331,0.26331,No,967.75,2.78741,1080,793.75,8.375,67.15,0.741089
1.9,No,1.59023,-0.309771,1.8,-0.1,1.7,-0.2,1.87918,-0.0208203,No,1171.5,5.95077,1376.25,964,14.125,81.375,1.30457
0.9,No,0.836372,-0.063628,0.9,0,0.8,-0.1,0.873333,-0.0266667,No,917.25,4.94189,1497,893.25,25.85,41,1.3461
2.7,No,2.7477,0.047699,2.225,-0.475,2.6,-0.1,2.59527,-0.104726,No,1222,14.5164,1698,1194.75,24.875,49.2,1.52512
1.2,No,1.11435,-0.0856523,1.16667,-0.0333333,1.3,0.1,1.24722,0.0472183,No,892.75,3.01584,845,549.5,3.35,46.65,0.366812
4.5,No,4.45517,-0.0448278,3.8,-0.7,4.3,-0.2,4.47167,-0.0283333,No,1407.25,21.5436,1584,1533.25,7.725,72.525,0.766591
2.2,No,2.51014,0.310142,2.55,0.35,2.6,0.4,2.77446,0.574464,No,1204.5,10.6667,1299,1213.5,8.525,66.275,0.738734
2.7,No,0.811306,-1.88869,2.625,-0.075,2.6,-0.1,2.58833,-0.111667,No,683.25,3.56829,701.5,626.5,12.2,14.025,0.198757
0.5,No,0.694534,0.194534,0.625,0.125,0.6,0.1,0.589821,0.0898214,No,835.75,1.21919,832.25,478.5,6.975,47.2,0.474545
2.7,No,2.61354,-0.0864591,2.8,0.1,2.8,0.1,2.71083,0.0108333,No,1209.5,12.3526,1586.25,980.5,15.825,36.075,0.644002
3.3,No,3.14054,-0.15946,2.75,-0.55,2.8,-0.5,3.263,-0.037,No,1307.75,14.0193,1261.25,1795.25,10.475,38.875,0.492581
2.6,No,2.51825,-0.0817476,2.2,-0.4,2.5,-0.1,2.05667,-0.543333,No,1115,10.9288,1230,1161.25,4,78.45,0.644956
6.8,No,4.52828,-2.27172,6.66667,-0.133333,6.7,-0.1,5.81416,-0.985841,No,1522,21.4696,1578,2034.25,10.35,57.025,0.716683
0.7,No,0.820995,0.120995,0.65,-0.05,0.5,-0.2,0.500735,-0.199265,No,862.333,4.18132,1335,522.333,20.8,36.5667,0.88785
1.5,No,1.0804,-0.419605,1.36667,-0.133333,1.1,-0.4,1.2101,-0.289905,No,1006.5,5.94008,1610.75,770,26.575,47.175,1.61605
1.9,No,1.40203,-0.497968,1.475,-0.425,1.5,-0.4,1.57583,-0.324167,No,1048.5,7.9713,1670.5,921,29.925,33.175,1.3793
3.9,No,2.39008,-1.50992,3.5,-0.4,3.5,-0.4,2.952,-0.948,No,1208.5,9.47531,1124.25,1662,5.325,61.125,0.549936
4.6,No,3.9538,-0.646196,3.6,-1,4.2,-0.4,3.91,-0.69,No,1531.25,17.857,1541.25,1741.75,12.975,61.925,0.922431
0.4,No,0.856301,0.456301,0.3,-0.1,0.7,0.3,0.638333,0.238333,No,938.75,4.13692,1394.5,825.75,21.325,45.5,1.14051
2.0,No,2.0177,0.0176988,2.16667,0.166667,1.9,-0.1,2.075,0.075,No,1206.5,8.61841,1488.25,849.75,18.025,34.8,0.712674
1.7,No,2.01348,0.313476,2.15,0.45,1.7,0,1.79664,0.0966429,No,1157.5,9.79065,1509.25,1201.75,20.275,68.075,1.60088
1.7,No,1.70085,0.000848498,1.6,-0.1,1.6,-0.1,1.69153,-0.00846825,No,1085,9.50795,1746.5,963.25,27.675,40.6,1.48283
4.0,No,3.6075,-0.392504,3.46667,-0.533333,3.4,-0.6,3.04856,-0.951439,No,1542,15.388,1434.5,1972,11.375,67.875,0.911913
2.3,No,2.00997,-0.290027,2.1,-0.2,2.1,-0.2,2.31236,0.0123571,No,1145.25,8.95319,1376.25,1159,15.15,64.2,1.09834
1.6,No,1.6174,0.0173967,1.73333,0.133333,1.6,0,1.52862,-0.071381,No,1143,6.29189,1477.25,978.25,11.95,61.625,0.859344
0.9,No,0.87712,-0.02288,0.8,-0.1,1,0.1,0.902879,0.00287879,No,934.75,2.43729,1249.75,717,6.325,66.6,0.641022
0.7,No,0.837574,0.137574,0.55,-0.15,0.7,0,0.634583,-0.0654167,No,940.5,1.45394,918.5,520.25,8.025,53.75,0.579586
3.1,No,2.43898,-0.66102,2.2,-0.9,2.7,-0.4,2.5532,-0.546802,No,1215,10.9218,1441.25,1130.5,13.125,81.675,1.22838
1.8,No,2.00418,0.204183,2.05,0.25,2,0.2,2.09817,0.298167,No,1127.25,7.92893,1227.25,1009.5,8.125,63.95,0.694167
2.4,No,2.91565,0.515653,2.95,0.55,2.7,0.3,2.6981,0.298095,No,1149.75,15.7913,1711,1195,19.975,63.325,1.46215
1.0,No,0.787954,-0.212046,1,0,1,0,0.599167,-0.400833,No,872.5,2.81846,1119.5,685,12.525,69.125,1.00034
0.5,No,0.335291,-0.164709,0.45,-0.05,0.4,-0.1,0.3425,-0.1575,No,765.75,1.24654,1310,387,12.6,72.225,1.05025
1.7,No,1.75174,0.0517365,1.825,0.125,1.7,0,1.89742,0.197417,No,1065.75,8.7946,1474,757,24.75,25.325,0.779251
1.6,No,1.62091,0.0209052,0.7,-0.9,1.7,0.1,1.588,-0.012,No,1065.5,6.82718,1468,828.5,11,64.425,0.844733
0.9,No,1.22338,0.323379,1.1,0.2,1,0.1,1.07112,0.171119,No,1038,3.82151,1101.5,939.75,10.075,64.275,0.793401
2.4,No,2.16999,-0.230009,1.85,-0.55,2.3,-0.1,2.25183,-0.148167,No,1169.5,8.43754,1217.5,1204.75,5.6,81.2,0.744268
2.0,No,2.00174,0.00174409,1.9,-0.1,2.1,0.1,2.12267,0.122667,No,1060.25,10.8803,1623,1074.25,23.925,30.725,0.900243
1.4,No,1.134,-0.265999,1.4,0,1.3,-0.1,1.05167,-0.348333,No,912.5,5.4312,1272.75,692,19.6,26.475,0.59743
0.5,No,0.313983,-0.186017,0.4,-0.1,0.4,-0.1,0.396667,-0.103333,No,825,1.39288,1302.25,497.5,19.375,70.375,1.56631
0.3,No,1.19957,0.899567,1.45,1.15,1.3,1,1.24454,0.944536,No,865.75,4.98646,858.5,775,15.2,18.725,0.321363
6.2,No,6.41878,0.21878,6.6,0.4,6.3,0.1,6.4291,0.229095,No,1570.25,35.8941,2289.25,1716,29.025,36.6,1.44516
1.7,No,1.55502,-0.14498,1.45,-0.25,1.5,-0.2,1.3752,-0.324798,No,1001.25,7.31661,1264,1071.25,16.6,58.5,1.09634
2.7,No,2.71086,0.0108581,2.925,0.225,2.9,0.2,2.82119,0.12119,No,1194.25,11.6599,1316.5,1180.75,4.8,78.625,0.682628
1.1,No,0.953243,-0.146757,0.466667,-0.633333,1.1,0,0.963,-0.137,No,948,4.81409,1436.25,601.75,24.4,32.725,0.986286
2.2,No,2.14033,-0.0596699,1.85,-0.35,2.2,0,2.18,-0.02,No,1052.75,13.0922,1762,1023.25,34.95,20.45,1.12788
4.6,No,4.20086,-0.399136,3.8,-0.8,4.3,-0.3,4.27061,-0.329389,No,1277,21.3957,1636,1330.75,9.975,71.5,0.876824
7.6,No,7.44568,-0.15432,7.7,0.1,7.4,-0.2,7.32921,-0.270794,No,1972.5,38.3932,2413.75,2305.5,23.125,26.5,0.740261
8.6,No,8.10937,-0.490631,8.6,0,8.5,-0.1,7.81225,-0.78775,No,1682.5,42.9567,1964,2331.25,9.175,39.3,0.45727
2.9,No,2.94439,0.0443864,2.5,-0.4,2.6,-0.3,2.54252,-0.357476,No,1257.75,14.2204,1363,1193.75,22.775,24.625,0.673613
1.9,No,1.65696,-0.24304,1.875,-0.025,2.1,0.2,1.52676,-0.373238,No,905.25,6.13928,840,790,0.575,36.825,0.238841
0.9,No,0.81056,-0.0894397,1,0.1,1,0.1,0.904583,0.00458333,No,889,2.90461,1162.5,743,12,77.375,1.08246
0.5,No,0.763147,0.263147,0.65,0.15,0.5,0,0.453652,-0.0463485,No,842.75,4.15068,1330.25,500.5,22.9,30.7,0.84611
0.8,No,1.01143,0.211434,1,0.2,1,0.2,0.948333,0.148333,No,965.75,5.14128,1420,899.75,21.35,69.5,1.74473
3.6,No,3.08145,-0.518551,2.6,-1,3,-0.6,3.16159,-0.438413,No,1194.75,13.363,1165.75,1315,1.375,61.35,0.420787
2.0,No,2.05888,0.0588771,2,0,2,0,1.94881,-0.0511905,No,1138,12.1561,1623.5,1028,42,15.8,1.27588
3.7,No,3.33172,-0.368285,3.66667,-0.0333333,3.3,-0.4,3.1825,-0.5175,No,1261.5,18.6333,1835,1483.75,29.875,34,1.40956
2.4,No,3.04726,0.647265,2.9,0.5,3,0.6,3.04875,0.64875,No,1203.25,16.8023,1744.25,1078.5,30.25,20.475,0.867223
0.7,No,0.547429,-0.152571,0.5,-0.2,0.5,-0.2,0.508333,-0.191667,No,812.25,3.17782,1265.25,708.75,22.775,41.25,1.12839
4.0,No,4.6457,0.645699,4.775,0.775,4.5,0.5,4.50167,0.501667,No,1438,24.8383,1971.25,1732,21.375,59.375,1.49281
0.7,No,0.76163,0.0616305,0.7,0,0.7,1.11022e-16,0.773333,0.0733333,No,851.75,4.51988,1524.75,836.5,19.6,54.775,1.23604
2.8,No,2.54372,-0.256278,2.53333,-0.266667,2.5,-0.3,2.445,-0.355,No,1128.25,14.2126,1832,1361.75,22.825,41.9,1.14961
3.6,No,3.76039,0.160392,4.15,0.55,3.6,0,3.6694,0.0694048,No,1252.25,20.854,2001,1373.75,20.575,62.275,1.4915
0.8,No,0.787067,-0.0129327,0.575,-0.225,0.5,-0.3,0.508667,-0.291333,No,909.5,1.19211,935.5,404,5.725,70.3,0.649824
0.8,No,0.794577,-0.00542345,0.766667,-0.0333333,0.8,0,0.777045,-0.0229545,No,927,1.83043,1222.75,486.5,6.75,62.95,0.623428
4.4,No,4.8773,0.477302,4.275,-0.125,4.4,0,4.632,0.232,No,1475,25.8604,1991.25,1646,20.7,63,1.52039
2.7,No,2.17897,-0.521033,3.15,0.45,2.7,0,2.3948,-0.305198,No,1234.5,9.60617,1679.5,1094.75,13.075,80.15,1.20159
1.6,No,1.41491,-0.185091,1.23333,-0.366667,1.4,-0.2,1.54167,-0.0583333,No,1046,8.032,1463.5,722,37.4,17.05,1.0757
1.7,No,2.16076,0.460757,2.2,0.5,2.1,0.4,2.07486,0.374857,No,1026.25,12.3234,1563.75,814.25,29.575,18.875,0.76919
0.6,No,0.850268,0.250268,0.8,0.2,0.8,0.2,0.773333,0.173333,No,980.25,2.52202,1190,692.25,13.7,78.025,1.21744
2.2,No,2.10936,-0.0906389,2.5,0.3,2.3,0.1,2.17417,-0.0258333,No,1210.25,8.82622,1326.75,1093.5,15.675,54.375,0.961571
1.6,No,2.35049,0.750489,1.6,2.22045e-16,2.1,0.5,2.21179,0.611786,No,1207.5,8.78828,1052.25,1484.5,3.475,54.175,0.429653
4.5,No,3.93049,-0.56951,3.8,-0.7,3.7,-0.8,3.73355,-0.766452,No,1379.25,20.5717,1869.75,1381.5,24.15,29.9,0.887869
4.5,No,4.3928,-0.107203,4.25,-0.25,4.6,0.1,4.33871,-0.16129,No,1487,21.9433,1698.25,1692.25,20.125,42.4,0.988013
2.1,No,2.40899,0.308992,2.26667,0.166667,2.2,0.1,2.31125,0.21125,No,1209.75,14.0347,1741.75,1422.25,40.05,19.025,1.38492
0.8,No,0.503144,-0.296856,0.966667,0.166667,0.8,0,0.779167,-0.0208333,No,908.75,3.63307,1488,473.5,35.075,32.125,1.78409
1.2,No,1.06199,-0.138007,0.966667,-0.233333,0.9,-0.3,0.966429,-0.233571,No,869.75,6.23174,1397.75,847.75,24,31.225,0.918984
0.8,No,1.03289,0.23289,0.966667,0.166667,1.1,0.3,1.08079,0.280786,No,1065,3.58551,1492.25,814.5,14.15,66.2,1.06298
1.4,No,1.2626,-0.137395,1.6,0.2,1.5,0.1,1.4985,0.0985,No,1035.75,7.03845,1645,859.75,28.375,39.125,1.48806
1.5,No,1.72533,0.225335,1.525,0.025,1.7,0.2,1.83967,0.339667,No,989.25,10.3327,1577.25,705,33.2,20.375,1.0195
1.2,No,1.40312,0.203125,0.85,-0.35,1.4,0.2,1.24528,0.0452778,No,1044.75,5.91871,1420.75,588.75,16.4,47.65,0.881894
1.6,No,1.43934,-0.160661,1.53333,-0.0666667,1.6,0,1.51227,-0.0877262,No,942,8.30141,1550.5,814,24.825,33.075,1.02224
2.8,No,2.89609,0.0960941,2.76667,-0.0333333,2.9,0.1,2.80333,0.00333333,No,1276.25,13.4538,1504,1387.5,13.55,64,0.989086
2.1,No,1.97544,-0.124562,2.25,0.15,2,-0.1,1.921,-0.179,No,1152.5,6.91821,1027,1370,4.15,53.975,0.448313
1.3,No,0.953913,-0.346087,1.3,0,1.2,-0.1,1.24842,-0.0515833,No,1056.25,5.79119,1620.25,670,38.025,30.675,2.00217
2.6,No,2.83404,0.234037,3.5,0.9,2.6,0,2.98145,0.381448,No,1442.5,10.6941,1356.25,1396.25,8.125,84.95,0.922119
1.4,No,1.38923,-0.0107726,1.5,0.1,1.5,0.1,1.45886,0.0588611,No,941.5,6.88401,1318.25,539.5,21.4,22.725,0.572219
1.2,No,1.54871,0.348713,1.26667,0.0666667,1.4,0.2,1.52258,0.322583,No,1038.75,7.58748,1473,1002,18.15,72.325,1.49266
3.2,No,3.37985,0.179852,3.325,0.125,3.3,0.1,3.40767,0.207667,No,1284.5,18.4163,1866,1292.75,26.625,44.325,1.52286
2.3,No,2.07754,-0.222462,1.9,-0.4,2,-0.3,2.1169,-0.183095,No,1143.5,11.8889,1563.5,878.5,40.7,16.975,1.27935
1.3,No,1.83348,0.533481,2.05,0.75,1.9,0.6,1.89017,0.590167,No,1024.75,10.0568,1590.75,890.75,25,26.925,0.84082
1.9,No,1.79902,-0.100981,2.23333,0.333333,1.9,2.22045e-16,2.19952,0.299524,No,1199.5,6.78187,1297.25,1132,13.55,63.375,0.979427
1.4,No,1.91541,0.515413,1.8,0.4,1.8,0.4,1.79586,0.395857,No,1217,9.19013,1566.25,647.75,31.2,24.575,1.09866
2.5,No,2.64167,0.141672,2.5,0,2.6,0.1,2.72667,0.226667,No,1169.75,15.6294,1948.75,1286.5,33.3,27.85,1.40134
1.0,No,1.25048,0.250483,1.03333,0.0333333,1.2,0.2,1.20767,0.207667,No,974,4.5915,1154.5,884.5,9.1,77.25,0.894401
1.4,No,1.11427,-0.285731,1.375,-0.025,1.3,-0.1,1.29388,-0.106119,No,891.667,7.28159,1363,632,37.4,14.7333,0.929539
0.9,No,0.790843,-0.109157,0.9,-1.11022e-16,1,0.1,0.955333,0.0553333,No,912.25,5.25745,1378.5,460.5,38.5,19.8,1.32602
3.2,No,3.77266,0.572659,3.4,0.2,3.9,0.7,3.50256,0.302556,No,1517.25,17.3896,1749.75,1470.25,14.825,73.575,1.23312
2.0,No,2.20426,0.204255,2.225,0.225,2.2,0.2,2.10993,0.109929,No,1287.25,8.92138,1606,1040,11.975,69.7,0.973519
1.3,No,0.948632,-0.351368,1.3,0,1.2,-0.1,1.21659,-0.0834091,No,928,5.46727,1584.75,606.25,25.4,39.2,1.25338
2.0,No,1.58594,-0.414057,1.825,-0.175,1.7,-0.3,1.576,-0.424,No,1053.25,8.27677,1603.25,683,25.475,33.525,1.07667
0.8,No,1.02795,0.227948,1.05,0.25,1.2,0.4,1.15092,0.350917,No,1005,5.5553,1649.75,638,24.625,62.725,1.91582
1.8,No,1.91616,0.116162,2.05,0.25,1.9,0.1,1.96773,0.16773,No,1037,10.4073,1679.5,1157.5,19.725,44.15,1.00394
2.0,No,1.72498,-0.27502,1.775,-0.225,1.8,-0.2,1.86017,-0.139833,No,1049.75,9.57338,1496,878.75,31.725,21.625,0.99593
3.4,No,3.05763,-0.342366,3.1,-0.3,3.2,-0.2,3.19905,-0.200952,No,1175.75,16.3634,1836.25,1216.5,17.925,46.125,0.938765
1.0,No,1.08235,0.0823519,1.15,0.15,1.3,0.3,1.25381,0.25381,No,1037.5,3.5211,1279,687.5,14.425,38.5,0.6291
0.7,No,0.685482,-0.0145185,0.65,-0.05,0.7,0,0.744167,0.0441667,No,921,4.49612,1623,818.25,26.475,60.575,2.06299
3.2,No,2.77965,-0.420349,3.6,0.4,3.2,0,3.03183,-0.168167,No,1245.75,12.7942,1461.5,1234.5,12.75,77.9,1.14375
0.8,No,0.882665,0.0826645,0.7,-0.1,0.7,-0.1,0.727,-0.073,No,899,1.84015,951,559.5,3.9,78.75,0.64301
1.1,No,0.920044,-0.179956,0.7,-0.4,0.7,-0.4,0.823929,-0.276071,No,885.25,4.7848,1374,812.75,17.925,74.775,1.52187
0.3,No,0.228723,-0.0712775,0.25,-0.05,0.3,0,0.360417,0.0604167,No,755,1.30481,1233.5,471,19.625,59.05,1.33455
1.6,No,1.9154,0.315402,1.66667,0.0666667,1.8,0.2,1.88421,0.284214,No,1110.25,7.35756,970.5,1393,10.075,34.425,0.424937
1.6,No,1.41345,-0.186555,1.6,0,1.3,-0.3,1.32142,-0.278583,No,1003,6.53492,1455.25,747.5,16.175,50.175,0.915621
0.9,No,1.08369,0.183693,0.9,0,1,0.1,0.9095,0.0095,No,948.75,2.92039,1023.25,761.5,4.05,80.8,0.666551
3.1,No,2.79391,-0.306089,2.7,-0.4,2.8,-0.3,2.71405,-0.385952,No,1235,12.4404,1212.75,1594.25,11.35,50.1,0.672012
0.7,No,0.615016,-0.084984,0.5,-0.2,0.5,-0.2,0.558667,-0.141333,No,877,1.28155,1023,496.333,11.7333,64.6333,0.888756
1.6,No,1.3246,-0.275397,1.325,-0.275,1.1,-0.5,1.27664,-0.323364,No,958,7.36928,1549.75,749.5,24.175,36.875,1.09662
2.0,No,1.88551,-0.11449,2.23333,0.233333,1.9,-0.1,1.82975,-0.17025,No,1201.5,7.15379,1255.25,1114.75,13.25,60.475,0.916848
2.4,No,1.96021,-0.439786,1.1,-1.3,1.8,-0.6,1.61171,-0.788286,No,1096.5,7.48689,1140,1053,4.925,80.075,0.701147
0.9,No,0.925359,0.0253594,0.9,-1.11022e-16,1,0.1,0.875571,-0.0244286,No,886.5,5.28794,1387,500.25,27.175,28.225,1.00133
4.7,No,3.73401,-0.965992,3.4,-1.3,3.9,-0.8,3.57271,-1.12729,No,1498,17.6609,1962.5,1308,14.625,74.875,1.2391
2.9,No,3.06521,0.16521,3.325,0.425,3.3,0.4,3.035,0.135,No,1200.5,17.4657,1986.5,1531.75,25.075,43,1.34877
4.1,No,4.09553,-0.00446768,4.425,0.325,4.2,0.1,3.79493,-0.305071,No,1571,20.0031,1972.75,1729,21.45,33.325,0.841671
1.3,No,1.25108,-0.0489171,1.5,0.2,1.4,0.1,1.33557,0.0355714,No,1008.25,7.49869,1690.75,722,29.3,50.175,2.01272
0.8,No,0.889882,0.0898822,0.966667,0.166667,0.9,0.1,0.978452,0.178452,No,873.75,5.25745,1415.75,872.75,23.05,49.95,1.38907
4.3,No,3.73197,-0.568033,3.8,-0.5,3.5,-0.8,3.59234,-0.707659,No,1302.75,20.7354,1816.25,1196.25,33.2,25.425,1.27218
1.4,No,1.73247,0.332466,2.03333,0.633333,1.6,0.2,1.66914,0.269143,No,1077,5.88139,949.25,1295.5,3.95,49.05,0.401875
2.7,No,3.29428,0.59428,3.125,0.425,3.1,0.4,3.0315,0.3315,No,1276.75,15.84,1480,1397.25,13.55,57.8,0.893269
0.9,No,0.945289,0.0452892,0.9,0,1.1,0.2,0.802381,-0.097619,No,867,3.27673,980.5,779.25,10.075,44.025,0.543438
2.7,No,2.1008,-0.599203,2.25,-0.45,2.5,-0.2,2.332,-0.368,No,1162.5,7.56376,1001.25,1295.5,4.85,53.875,0.469339
1.2,No,1.12469,-0.0753088,1.15,-0.05,1.1,-0.1,1.21125,0.01125,No,1052.5,3.83037,1323.25,692.25,15.05,44.55,0.757365
1.4,No,1.49946,0.0994628,1.23333,-0.166667,1.5,0.1,1.83169,0.43169,No,1041,4.98646,1003.25,807.75,8.275,47.775,0.523777
2.6,No,2.5661,-0.0338982,2.93333,0.333333,2.7,0.1,2.46229,-0.137714,No,1135,11.9321,1174.5,1379,13.95,32.275,0.511686
1.3,No,1.10561,-0.194392,1.33333,0.0333333,1.1,-0.2,1.16983,-0.130167,No,1058.5,5.73841,1603.75,739.25,27.55,50.425,1.82835
3.4,No,3.19824,-0.201756,2.45,-0.95,2.8,-0.6,2.91133,-0.488667,No,1467.75,15.2039,1737.5,1292.75,24.5,57.5,1.74328
4.0,No,2.97368,-1.02632,2.75,-1.25,3.3,-0.7,3.31702,-0.682977,No,1123,13.7863,1152,1322,6.33333,42.6333,0.410574
3.7,No,3.30344,-0.396557,3.7,4.44089e-16,3.1,-0.6,2.98267,-0.717333,No,1184.25,14.9812,1177.75,1389,2.2,58.075,0.421823
2.6,No,2.9674,0.367399,3.13333,0.533333,3,0.4,2.88833,0.288333,No,1287.5,13.8501,1491.5,1379.5,14.575,59.55,0.98237
1.5,No,1.35069,-0.149309,1.35,-0.15,1.3,-0.2,1.38317,-0.116833,No,983.5,6.44609,1409.5,635.5,19.975,32.675,0.754454
1.1,No,1.05803,-0.0419731,1.1,0,1.1,0,1.15226,0.0522619,No,924.5,4.04572,956.75,518,19.175,29.475,0.648005